ProviderNbr,NpiNbr,FirstName,LastName,Email,Prefix,FTE,ProviderCategory,SpecialityCode
216332,187719108,Casey,Zuniga,casey.zuniga@datacourse.com,,1.0,Physician Assistant,97
215759,187700570,Susan,Zhang,susan.zhang@datacourse.com,,0.9,Nurse Practitioner,50
215806,187716326,Leslie,Yoder,leslie.yoder@datacourse.com,,1.0,Nurse Practitioner,50
215760,187720694,Robert,Yates,robert.yates@datacourse.com,,1.0,Nurse Practitioner,50
216264,187714896,Elizabeth,Willis,elizabeth.willis@datacourse.com,,0.37,Nurse Practitioner,50
216403,187703274,Heidi,Williams,heidi.williams@datacourse.com,,0.18,Nurse Practitioner,50
212304,187723866,Ronald,Wiggins,ronald.wiggins@datacourse.com,,0.09,Social Worker - Clinical,80
216297,187724308,Michael,Wells,michael.wells@datacourse.com,,0.5,Physician Assistant,97
215260,187708396,Amy,Webster,amy.webster@datacourse.com,,1.0,Nurse Practitioner,50
215607,187711152,Patrick,Watts,patrick.watts@datacourse.com,,0.25,Physician Assistant,97
216635,187719056,Thomas,Warren,thomas.warren@datacourse.com,,0.9,Nurse Practitioner,50
216020,187710528,David,Velez,david.velez@datacourse.com,,1.0,Nurse Practitioner,50
218381,187710528,John,Velez,john.velez@datacourse.com,,1.0,Nurse Practitioner,50
216105,187719888,Eric,Vega,eric.vega@datacourse.com,,1.0,Nurse Practitioner,50
216515,187715234,Kathryn,Vasquez,kathryn.vasquez@datacourse.com,,0.25,Physician Assistant,97
215648,187719862,James,Vance,james.vance@datacourse.com,,1.0,Physician Assistant,97
216124,187708188,Kristen,Valencia,kristen.valencia@datacourse.com,,0.5,Nurse Practitioner,50
215833,187715364,Sean,Tyler,sean.tyler@datacourse.com,,1.0,Nurse Practitioner,50
216570,187715806,Bonnie,Turner,bonnie.turner@datacourse.com,,0.9,Physician Assistant,97
216728,187705172,Joshua,Trevino,joshua.trevino@datacourse.com,,0.9,Nurse Practitioner,50
215370,187706082,Gina,Strong,gina.strong@datacourse.com,,0.9,Nurse Practitioner,50
216561,187720590,Crystal,Soto,crystal.soto@datacourse.com,,1.0,Physician Assistant,97
215609,187702676,Victor,Sosa,victor.sosa@datacourse.com,,1.0,Nurse Practitioner,50
217513,187714298,Deborah,Snyder,deborah.snyder@datacourse.com,,0.9,Physician Assistant,97
216531,187707356,Ashley,Simpson,ashley.simpson@datacourse.com,,0.9,Physician Assistant,97
216596,187720642,Mary,Sharp,mary.sharp@datacourse.com,,0.75,Nurse Practitioner,50
217240,187713232,Nicole,Sellers,nicole.sellers@datacourse.com,,0.17,Physician Assistant,97
215994,187714740,Kimberly,Schmidt,kimberly.schmidt@datacourse.com,,1.0,Nurse Practitioner,50
216988,187706576,Jonathan,Saunders,jonathan.saunders@datacourse.com,,0.9,Physician Assistant,97
215872,187706550,Gina,Santiago,gina.santiago@datacourse.com,,1.0,Physician Assistant,97
216777,187707200,Shelby,Santana,shelby.santana@datacourse.com,,1.0,Physician Assistant,97
216583,187721214,Valerie,Salas,valerie.salas@datacourse.com,,1.0,Registered Nurse,43
215844,187716716,Rebecca,Roy,rebecca.roy@datacourse.com,,1.0,Physician Assistant,97
215448,187719420,Christopher,Roth,christopher.roth@datacourse.com,,0.13,Physician Assistant,97
216522,187715624,Manuel,Rivera,manuel.rivera@datacourse.com,,1.0,Physician Assistant,97
217295,187718172,Lori,Ritter,lori.ritter@datacourse.com,,0.75,Nurse Practitioner,50
216579,187699946,Zachary,Rich,zachary.rich@datacourse.com,,0.16,Physician Assistant,97
216005,187721708,James,Rice,james.rice@datacourse.com,,1.0,Physician Assistant,97
215196,187718432,Melissa,Reyes,melissa.reyes@datacourse.com,,0.9,Physician Assistant,97
215224,187712426,Richard,Reed,richard.reed@datacourse.com,,1.0,Nurse Practitioner,50
216298,187717418,Garrett,Raymond,garrett.raymond@datacourse.com,,0.9,Nurse Practitioner,50
215322,187710918,Barbara,Rasmussen,barbara.rasmussen@datacourse.com,,0.5,Nurse Practitioner,50
215810,187716534,Michael,Rangel,michael.rangel@datacourse.com,,1.0,Nurse Practitioner,50
216254,187712062,Katherine,Prince,katherine.prince@datacourse.com,,1.0,Nurse Practitioner,50
215442,187718224,Theresa,Powell,theresa.powell@datacourse.com,,1.0,Nurse Practitioner,50
216208,187720668,Ryan,Poole,ryan.poole@datacourse.com,,0.5,Nurse Practitioner,50
215235,187703924,Annette,Ponce,annette.ponce@datacourse.com,,1.0,Physician Assistant,97
217187,187706524,Alan,Pollard,alan.pollard@datacourse.com,,0.9,Physician Assistant,97
216670,187701532,Johnny,Pierce,johnny.pierce@datacourse.com,,1.0,Physician Assistant,97
215385,187721422,Katherine,Phillips,katherine.phillips@datacourse.com,,1.0,Nurse Practitioner,50
216543,187710320,Jeffrey,Petty,jeffrey.petty@datacourse.com,,1.0,Physician Assistant,97
215494,187724126,Rebecca,Petersen,rebecca.petersen@datacourse.com,,1.0,Nurse Practitioner,50
216542,187720980,Amanda,Peters,amanda.peters@datacourse.com,,0.75,Nurse Practitioner,50
215497,187713492,Michael,Perkins,michael.perkins@datacourse.com,,1.0,Physician Assistant,97
215480,187723580,Denise,Pennington,denise.pennington@datacourse.com,,1.0,Physician Assistant,97
215932,187701688,Sarah,Owens,sarah.owens@datacourse.com,,0.16,Nurse Practitioner,50
215570,187702650,Nathaniel,Ortega,nathaniel.ortega@datacourse.com,,0.5,Physician Assistant,97
215441,187712842,Pamela,Oneill,pamela.oneill@datacourse.com,,0.75,Physician Assistant,97
217114,187710892,Kayla,Oliver,kayla.oliver@datacourse.com,,0.9,Nurse Practitioner,50
216719,187712790,Brenda,Odonnell,brenda.odonnell@datacourse.com,,0.9,Physician Assistant,97
215907,187704912,Luke,Oconnor,luke.oconnor@datacourse.com,,1.0,Nurse Practitioner,50
216608,187717652,Corey,Norris,corey.norris@datacourse.com,,1.0,Nurse Practitioner,50
217037,187709228,Joseph,Nixon,joseph.nixon@datacourse.com,,0.6,Physician Assistant,97
217309,187706264,Tracy,Nguyen,tracy.nguyen@datacourse.com,,0.0,Physician Assistant,97
218448,187718822,Janet,Neal,janet.neal@datacourse.com,,0.11,Social Worker - Clinical,80
215357,187718536,Amanda,Navarro,amanda.navarro@datacourse.com,,0.9,Nurse Practitioner,50
216833,187716066,Michael,Nash,michael.nash@datacourse.com,,0.9,Physician Assistant,97
215564,187711828,Alexis,Munoz,alexis.munoz@datacourse.com,,0.9,Nurse Practitioner,50
216953,187708682,Melissa,Mullen,melissa.mullen@datacourse.com,,0.9,Physician Assistant,97
216062,187708032,Timothy,Moyer,timothy.moyer@datacourse.com,,1.0,Nurse Practitioner,50
217626,187709540,Eric,Mosley,eric.mosley@datacourse.com,,0.44,Nurse Practitioner,50
216071,187716664,Kyle,Morse,kyle.morse@datacourse.com,,1.0,Registered Nurse,43
215960,187712036,Ralph,Morrow,ralph.morrow@datacourse.com,,1.0,Nurse Practitioner,50
215484,187721006,Crystal,Montgomery,crystal.montgomery@datacourse.com,,0.9,Physician Assistant,97
215840,187709956,Erik,Miranda,erik.miranda@datacourse.com,,1.0,Physician Assistant,97
216016,187708370,Kenneth,Mills,kenneth.mills@datacourse.com,,1.0,Nurse Practitioner,50
212444,187708448,Logan,Miller,logan.miller@datacourse.com,,0.41,Psychologist,68
216459,187711256,Juan,Michael,juan.michael@datacourse.com,,1.0,Physician Assistant,97
215936,187717860,Tiffany,Meyers,tiffany.meyers@datacourse.com,,0.75,Nurse Practitioner,50
215857,187719446,Richard,Mercado,richard.mercado@datacourse.com,,1.0,Physician Assistant,97
217093,187711854,Bethany,Mcmillan,bethany.mcmillan@datacourse.com,,0.9,Nurse Practitioner,50
216882,187706134,James,Mckee,james.mckee@datacourse.com,,0.8,Physician Assistant,97
216646,187709904,Shannon,Mcintosh,shannon.mcintosh@datacourse.com,,0.9,Registered Nurse,43
215740,187701662,Heather,Mcfarland,heather.mcfarland@datacourse.com,,1.0,Nurse Practitioner,50
216775,187712816,Linda,Mcdowell,linda.mcdowell@datacourse.com,,0.63,Nurse Practitioner,50
216470,187715390,Anthony,Mcdonald,anthony.mcdonald@datacourse.com,,1.0,Nurse Practitioner,50
215432,187721188,William,Mccann,william.mccann@datacourse.com,,1.0,Nurse Practitioner,50
216061,187724022,Joseph,Martin,joseph.martin@datacourse.com,,0.5,Nurse Practitioner,50
215301,187704730,Michael,Marshall,michael.marshall@datacourse.com,,1.0,Nurse Practitioner,50
217721,187714324,Kayla,Marsh,kayla.marsh@datacourse.com,,0.5,Nurse Practitioner,50
215986,187711750,Dawn,Malone,dawn.malone@datacourse.com,,1.0,Physician Assistant,97
212332,187723554,Timothy,Mahoney,timothy.mahoney@datacourse.com,,0.1,Psychologist,68
215262,187716612,Matthew,Madden,matthew.madden@datacourse.com,,0.3,Nurse Practitioner,50
217785,187708500,Melissa,Lynch,melissa.lynch@datacourse.com,,0.0,Physician Assistant,97
213767,187712582,Shannon,Lowery,shannon.lowery@datacourse.com,,0.16,Social Worker - Clinical,80
216892,187705198,Renee,Long,renee.long@datacourse.com,,0.9,Nurse Practitioner,50
216098,187710606,Pamela,Lindsey,pamela.lindsey@datacourse.com,,0.75,Physician Assistant,97
215856,187702130,Lindsay,Leon,lindsay.leon@datacourse.com,,0.45,Nurse Practitioner,50
216848,187718484,Allison,Le,allison.le@datacourse.com,,1.0,Nurse Practitioner,50
216983,187700050,Cassandra,Lamb,cassandra.lamb@datacourse.com,,1.0,Nurse Practitioner,50
214180,187717028,Randy,Knight,randy.knight@datacourse.com,,1.0,Physician Assistant,97
216211,187703248,Vanessa,Klein,vanessa.klein@datacourse.com,,0.9,Nurse Practitioner,50
215835,187719602,Robert,Kirby,robert.kirby@datacourse.com,,1.0,Nurse Practitioner,50
215592,187713830,Brooke,Key,brooke.key@datacourse.com,,0.96,Physician Assistant,97
216557,187703508,Stephanie,Keith,stephanie.keith@datacourse.com,,0.02,Midwife,42
215304,187715026,Timothy,Kaufman,timothy.kaufman@datacourse.com,,1.0,Physician Assistant,97
216700,187719758,Haley,Juarez,haley.juarez@datacourse.com,,0.39,Nurse Practitioner,50
218256,187714714,Jeremy,Johnson,jeremy.johnson@datacourse.com,,0.2,Nurse Practitioner,50
215368,187707382,Michael,Johns,michael.johns@datacourse.com,,1.0,Nurse Practitioner,50
216503,187719966,Shawn,Jacobs,shawn.jacobs@datacourse.com,,1.0,Nurse Practitioner,50
217432,187703820,John,Irwin,john.irwin@datacourse.com,,1.0,Physician Assistant,97
216714,187717964,Allen,Huber,allen.huber@datacourse.com,,0.75,Physician Assistant,97
215635,187712946,Jessica,Horne,jessica.horne@datacourse.com,,0.07,Physician Assistant,97
211846,187722306,Michael,Horn,michael.horn@datacourse.com,,0.04,Psychologist,68
216825,187714116,Jody,Hopkins,jody.hopkins@datacourse.com,,1.0,Nurse Practitioner,50
217052,187706966,Erin,Hodges,erin.hodges@datacourse.com,,1.0,Nurse Practitioner,50
215756,187720148,Joe,Hodge,joe.hodge@datacourse.com,,0.75,Nurse Practitioner,50
215939,187717886,Phyllis,Hobbs,phyllis.hobbs@datacourse.com,,1.0,Nurse Practitioner,50
216450,187721838,Bryan,Higgins,bryan.higgins@datacourse.com,,1.0,Physician Assistant,97
216709,187718198,Melissa,Hickman,melissa.hickman@datacourse.com,,1.0,Physician Assistant,97
216362,187720928,Beverly,Herrera,beverly.herrera@datacourse.com,,0.9,Physician Assistant,97
215983,187721812,Tracy,Hernandez,tracy.hernandez@datacourse.com,,1.0,Physician Assistant,97
215460,187717106,Nina,Henry,nina.henry@datacourse.com,,0.9,Nurse Practitioner,50
215694,187717938,Christina,Henderson,christina.henderson@datacourse.com,,0.75,Nurse Practitioner,50
216369,187714948,Samantha,Hebert,samantha.hebert@datacourse.com,,1.0,Nurse Practitioner,50
215716,187722332,Crystal,Harris,crystal.harris@datacourse.com,,1.0,Physician Assistant,97
215808,187703612,Stephanie,Harmon,stephanie.harmon@datacourse.com,,0.8,Nurse Practitioner,50
216159,187705146,Jesus,Hansen,jesus.hansen@datacourse.com,,1.0,Nurse Practitioner,50
215777,187714402,Colleen,Hanna,colleen.hanna@datacourse.com,,0.07,Physician Assistant,97
215535,187701636,Jacob,Hall,jacob.hall@datacourse.com,,1.0,Physician Assistant,97
214432,187708422,Christopher,Griffith,christopher.griffith@datacourse.com,,0.1,Psychologist,68
215814,187706290,Patricia,Gomez,patricia.gomez@datacourse.com,,1.0,Nurse Practitioner,50
215334,187723242,William,Gilbert,william.gilbert@datacourse.com,,1.0,Nurse Practitioner,50
215908,187716144,Mary,Gibbs,mary.gibbs@datacourse.com,,1.0,Physician Assistant,97
217423,187711776,David,Gentry,david.gentry@datacourse.com,,1.0,Nurse Practitioner,50
216617,187715260,Adrian,Gay,adrian.gay@datacourse.com,,0.09,Physician Assistant,97
216917,187705822,Sarah,Garner,sarah.garner@datacourse.com,,1.0,Nurse Practitioner,50
215585,187709046,Jody,Fuller,jody.fuller@datacourse.com,,1.0,Physician Assistant,97
216296,187703794,Daniel,Fuentes,daniel.fuentes@datacourse.com,,1.0,Physician Assistant,97
216759,187702702,Eric,Fry,eric.fry@datacourse.com,,0.75,Nurse Practitioner,50
216870,187709488,John,Fritz,john.fritz@datacourse.com,,0.6,Nurse Practitioner,50
216845,187703326,Jacob,Franklin,jacob.franklin@datacourse.com,,1.0,Physician Assistant,97
216929,187720954,Heather,Foster,heather.foster@datacourse.com,,1.0,Nurse Practitioner,50
215586,187700596,Leah,Foley,leah.foley@datacourse.com,,1.0,Physician Assistant,97
216357,187717444,Shane,Fletcher,shane.fletcher@datacourse.com,,0.5,Nurse Practitioner,50
217075,187704340,Heather,Ferrell,heather.ferrell@datacourse.com,,0.9,Physician Assistant,97
215552,187706758,Kelly,Faulkner,kelly.faulkner@datacourse.com,,1.0,Nurse Practitioner,50
217168,187709124,Joshua,Farrell,joshua.farrell@datacourse.com,,0.9,Physician Assistant,97
218239,187709332,Karen,Ellison,karen.ellison@datacourse.com,,0.14,Physician Assistant,97
216011,187706914,Crystal,Edwards,crystal.edwards@datacourse.com,,0.9,Physician Assistant,97
216316,187704496,Gary,Dunlap,gary.dunlap@datacourse.com,,1.0,Physician Assistant,97
216715,187702572,Stephen,Douglas,stephen.douglas@datacourse.com,,1.0,Physician Assistant,97
218370,187707174,Lisa,Dougherty,lisa.dougherty@datacourse.com,,0.36,Social Worker - Clinical,80
215418,187701714,Terrance,Dorsey,terrance.dorsey@datacourse.com,,1.0,Nurse Practitioner,50
215341,187715416,Daniel,Donovan,daniel.donovan@datacourse.com,,0.48,Psychologist,68
215455,187719914,Julie,Dixon,julie.dixon@datacourse.com,,0.9,Physician Assistant,97
215228,187717132,Adriana,Dickson,adriana.dickson@datacourse.com,,1.0,Nurse Practitioner,50
215901,187723216,Danielle,Dennis,danielle.dennis@datacourse.com,,1.0,Nurse Practitioner,50
215601,187709202,Jose,Davies,jose.davies@datacourse.com,,0.9,Physician Assistant,97
216028,187711932,Michael,Daugherty,michael.daugherty@datacourse.com,,1.0,Nurse Practitioner,50
216504,187711178,Melanie,Daniels,melanie.daniels@datacourse.com,,1.0,Nurse Practitioner,50
216581,187712400,Carrie,Curry,carrie.curry@datacourse.com,,1.0,Physician Assistant,97
215580,187711100,Martha,Cordova,martha.cordova@datacourse.com,,1.0,Physician Assistant,97
216477,187717756,Crystal,Cooper,crystal.cooper@datacourse.com,,1.0,Nurse Practitioner,50
215721,187718848,Brandon,Compton,brandon.compton@datacourse.com,,1.0,Nurse Practitioner,50
215387,187709748,Michael,Combs,michael.combs@datacourse.com,,1.0,Nurse Practitioner,50
216041,187700154,Marissa,Coffey,marissa.coffey@datacourse.com,,0.9,Physician Assistant,97
216096,187715546,Robin,Clayton,robin.clayton@datacourse.com,,1.0,Nurse Practitioner,50
215300,187713648,Cheryl,Chung,cheryl.chung@datacourse.com,,1.0,Nurse Practitioner,50
216276,187721734,Shannon,Christensen,shannon.christensen@datacourse.com,,0.75,Nurse Practitioner,50
215865,187701974,Jeffrey,Chambers,jeffrey.chambers@datacourse.com,,1.0,Nurse Practitioner,50
211008,187719082,Leslie,Carroll,leslie.carroll@datacourse.com,,0.43,Social Worker - Clinical,80
215947,187705744,Antonio,Campos,antonio.campos@datacourse.com,,1.0,Physician Assistant,97
216333,187708786,Emily,Cameron,emily.cameron@datacourse.com,,0.24,Psychologist,68
213596,187701376,Robert,Camacho,robert.camacho@datacourse.com,,0.11,Physician Assistant,97
216765,187717158,Thomas,Callahan,thomas.callahan@datacourse.com,,1.0,Physician Assistant,97
215949,187724334,Tina,Burgess,tina.burgess@datacourse.com,,0.05,Physician Assistant,97
213803,187707642,Jennifer,Buchanan,jennifer.buchanan@datacourse.com,,0.29,Psychologist,68
217025,187713778,Christopher,Bryant,christopher.bryant@datacourse.com,,0.9,Nurse Practitioner,50
216891,187714662,Cheryl,Brock,cheryl.brock@datacourse.com,,1.0,Nurse Practitioner,50
215221,187700882,James,Bradley,james.bradley@datacourse.com,,0.75,Physician Assistant,97
216144,187713752,Steven,Bonilla,steven.bonilla@datacourse.com,,1.0,Nurse Practitioner,50
215321,187715598,Cynthia,Blankenship,cynthia.blankenship@datacourse.com,,0.07,Midwife,42
216384,187715572,Dale,Bird,dale.bird@datacourse.com,,1.0,Physician Assistant,97
215297,187721162,Tammy,Best,tammy.best@datacourse.com,,0.5,Physician Assistant,97
216080,187719342,Damon,Bernard,damon.bernard@datacourse.com,,0.3,Nurse Practitioner,50
215298,187719706,David,Beltran,david.beltran@datacourse.com,,1.0,Specialist,89
216121,187716794,Kevin,Beard,kevin.beard@datacourse.com,,0.9,Nurse Practitioner,50
215632,187710294,Kyle,Bauer,kyle.bauer@datacourse.com,,1.0,Physician Assistant,97
216409,187713180,Stephen,Barrett,stephen.barrett@datacourse.com,,0.9,Nurse Practitioner,50
215323,187711412,Leah,Arnold,leah.arnold@datacourse.com,,0.9,Nurse Practitioner,50
218052,187707434,Christina,Andrade,christina.andrade@datacourse.com,,0.9,Nurse Practitioner,50
216789,187706108,Becky,Adkins,becky.adkins@datacourse.com,,1.0,Nurse Practitioner,50
216717,187707044,Michael,Acosta,michael.acosta@datacourse.com,,1.0,Nurse Practitioner,50
215176,187702858,Kevin,Bruce,kevin.bruce@datacourse.com,Dr.,0.65,Diagnostic Radiology,30
215178,187717990,Valerie,Vazquez,valerie.vazquez@datacourse.com,Dr.,0.8,Pathology,22
215181,187706706,Michelle,Bartlett,michelle.bartlett@datacourse.com,Dr.,0.6,Pediatrics,37
215182,187707486,Miguel,Rocha,miguel.rocha@datacourse.com,Dr.,1.0,Family Medicine,8
215183,187701012,James,Sherman,james.sherman@datacourse.com,Dr.,0.2,Pediatrics,37
215184,187700102,David,Baker,david.baker@datacourse.com,Dr.,0.65,Psychiatry & Neurology,86
215188,187704158,Andrea,Whitaker,andrea.whitaker@datacourse.com,Dr.,1.0,Diagnostic Radiology,30
215189,187700700,Steven,Townsend,steven.townsend@datacourse.com,Dr.,0.95,Diagnostic Radiology,30
215191,187724152,Teresa,Castillo,teresa.castillo@datacourse.com,Dr.,0.37,Diagnostic Radiology,30
215192,187708058,Jeremy,Boyle,jeremy.boyle@datacourse.com,Dr.,0.19,Obstetrics & Gynecology,16
215193,187709098,Joshua,Benton,joshua.benton@datacourse.com,Dr.,0.45,Pediatrics,37
215195,187702312,Donald,Cain,donald.cain@datacourse.com,Dr.,1.0,Family Medicine,8
215197,187716300,Jerome,Mcconnell,jerome.mcconnell@datacourse.com,Dr.,0.85,Surgery,2
215198,187713336,Evan,Fernandez,evan.fernandez@datacourse.com,Dr.,1.0,Internal Medicine,11
215199,187702780,Johnny,Bray,johnny.bray@datacourse.com,Dr.,1.0,Internal Medicine,11
215202,187719550,Courtney,Liu,courtney.liu@datacourse.com,Dr.,0.41,Surgery,2
215203,187712686,Nicole,Gonzalez,nicole.gonzalez@datacourse.com,Dr.,0.36,Physical Medicine & Rehabilitation,25
215207,187714480,Paula,Delgado,paula.delgado@datacourse.com,Dr.,0.85,Diagnostic Radiology,30
215210,187718250,Kelly,Salazar,kelly.salazar@datacourse.com,Dr.,0.25,Psychologist,68
215216,187715208,Curtis,Barrera,curtis.barrera@datacourse.com,Dr.,0.67,Obstetrics & Gynecology,16
215217,187722644,Renee,Chaney,renee.chaney@datacourse.com,Dr.,0.45,Internal Medicine,11
215218,187700362,Laurie,Walton,laurie.walton@datacourse.com,Dr.,1.0,Emergency Medicine,93
215220,187721890,David,Harrington,david.harrington@datacourse.com,Dr.,0.95,Pediatrics,37
215226,187712010,Xavier,Travis,xavier.travis@datacourse.com,Dr.,0.9,Internal Medicine,11
215227,187702910,Victoria,Estrada,victoria.estrada@datacourse.com,Dr.,1.0,Diagnostic Radiology,30
215230,187711542,Katelyn,Lyons,katelyn.lyons@datacourse.com,Dr.,0.96,Internal Medicine,11
215231,187718562,Kenneth,Barr,kenneth.barr@datacourse.com,Dr.,1.0,Emergency Medicine,93
215233,187713310,Todd,Walter,todd.walter@datacourse.com,Dr.,0.85,Nuclear Medicine,36
215234,187701558,Alison,Hays,alison.hays@datacourse.com,Dr.,0.95,Diagnostic Radiology,30
215236,187716430,Alexis,Phelps,alexis.phelps@datacourse.com,Dr.,1.0,Family Medicine,8
215239,187703898,Tanya,Woodard,tanya.woodard@datacourse.com,Dr.,0.2,Pediatrics,37
215242,187723918,Carlos,Vincent,carlos.vincent@datacourse.com,Dr.,1.0,Psychiatry & Neurology,86
215243,187701194,Monica,Conley,monica.conley@datacourse.com,Dr.,1.0,Family Medicine,8
215244,187710684,April,Cisneros,april.cisneros@datacourse.com,Dr.,0.45,Ophthalmology,18
215246,187712192,Tabitha,Massey,tabitha.massey@datacourse.com,Dr.,0.57,Internal Medicine,11
215247,187701948,Patricia,York,patricia.york@datacourse.com,Dr.,0.58,Family Medicine,8
215248,187719680,Jenny,Sims,jenny.sims@datacourse.com,Dr.,0.41,Psychologist,68
215250,187714688,Ana,Boone,ana.boone@datacourse.com,Dr.,0.6,Internal Medicine,11
215251,187713076,Andrea,Mckenzie,andrea.mckenzie@datacourse.com,Dr.,1.0,Family Medicine,8
215252,187711334,Diana,Fitzpatrick,diana.fitzpatrick@datacourse.com,Dr.,0.42,Internal Medicine,11
215254,187705094,Sean,Rodriguez,sean.rodriguez@datacourse.com,Dr.,1.0,Surgery - Vascular Surgery,77
215258,187704366,Sarah,Beck,sarah.beck@datacourse.com,Dr.,1.0,Diagnostic Radiology,30
215261,187700518,Nathan,Page,nathan.page@datacourse.com,Dr.,0.95,Pediatrics,37
215266,187715442,Charles,Ryan,charles.ryan@datacourse.com,Dr.,0.93,Internal Medicine,11
215267,187704028,Brenda,Quinn,brenda.quinn@datacourse.com,Dr.,0.61,Internal Medicine,11
215269,187702416,Emma,Carpenter,emma.carpenter@datacourse.com,Dr.,0.86,Obstetrics & Gynecology,16
215275,187718380,Michael,Norman,michael.norman@datacourse.com,Dr.,1.0,Family Medicine,8
215276,187721630,Daniel,Mccarty,daniel.mccarty@datacourse.com,Dr.,1.0,Emergency Medicine,93
215278,187711490,Dean,Castaneda,dean.castaneda@datacourse.com,Dr.,0.65,Diagnostic Radiology,30
215280,187705068,Cody,Villegas,cody.villegas@datacourse.com,Dr.,1.0,Emergency Medicine,93
215281,187715962,Nicole,Hardin,nicole.hardin@datacourse.com,Dr.,0.9,Internal Medicine,11
215282,187702104,Shawn,Woods,shawn.woods@datacourse.com,Dr.,1.0,Internal Medicine,11
215283,187718354,Luke,Melton,luke.melton@datacourse.com,Dr.,0.62,Internal Medicine,11
215285,187700934,Gregory,Stuart,gregory.stuart@datacourse.com,Dr.,0.19,Pediatrics,37
215288,187720200,Anthony,Cunningham,anthony.cunningham@datacourse.com,Dr.,0.95,Diagnostic Radiology,30
215289,187712218,Anthony,Palmer,anthony.palmer@datacourse.com,Dr.,1.0,Family Medicine,8
215290,187715182,Margaret,Gates,margaret.gates@datacourse.com,Dr.,0.28,Ophthalmology,18
215291,187706602,Jodi,Boyer,jodi.boyer@datacourse.com,Dr.,0.8,Family Medicine,8
215294,187709306,Jessica,Stanton,jessica.stanton@datacourse.com,Dr.,0.8,Internal Medicine,11
215295,187700024,Nicholas,Snow,nicholas.snow@datacourse.com,Dr.,1.0,Pediatrics,37
215307,187708084,Timothy,Lynn,timothy.lynn@datacourse.com,Dr.,0.7,Internal Medicine,11
215309,187701116,Lisa,Woodward,lisa.woodward@datacourse.com,Dr.,0.75,Family Medicine,8
215310,187701922,Meghan,Orr,meghan.orr@datacourse.com,Dr.,1.0,Family Medicine,8
215311,187709176,John,Serrano,john.serrano@datacourse.com,Dr.,1.0,Family Medicine,8
215315,187711048,Dawn,Kidd,dawn.kidd@datacourse.com,Dr.,0.15,Pathology,22
215319,187704418,Thomas,Bullock,thomas.bullock@datacourse.com,Dr.,0.15,Internal Medicine,11
215320,187702624,Ryan,Sparks,ryan.sparks@datacourse.com,Dr.,0.5,Internal Medicine,11
215324,187706628,Nicholas,Lewis,nicholas.lewis@datacourse.com,Dr.,0.55,Internal Medicine,11
215325,187701038,Kimberly,Barry,kimberly.barry@datacourse.com,Dr.,0.02,Orthopaedic Surgery,20
215326,187709410,Kayla,Carlson,kayla.carlson@datacourse.com,Dr.,0.44,Internal Medicine,11
215327,187722618,Christopher,Esparza,christopher.esparza@datacourse.com,Dr.,0.34,Diagnostic Radiology,30
215328,187710762,Patrick,Guzman,patrick.guzman@datacourse.com,Dr.,1.0,Surgery,2
215331,187719784,Barry,Olson,barry.olson@datacourse.com,Dr.,0.9,Internal Medicine,11
215332,187712608,Katie,Villanueva,katie.villanueva@datacourse.com,Dr.,1.0,Internal Medicine,11
215338,187713206,Breanna,Holland,breanna.holland@datacourse.com,Dr.,1.0,Diagnostic Radiology,30
215339,187722800,Edgar,Pineda,edgar.pineda@datacourse.com,Dr.,0.5,Psychiatry & Neurology,86
215340,187706212,Kelly,Sexton,kelly.sexton@datacourse.com,Dr.,0.9,Diagnostic Radiology,30
215342,187712322,Linda,Arias,linda.arias@datacourse.com,Dr.,1.0,Emergency Medicine,93
215344,187717548,Jessica,Drake,jessica.drake@datacourse.com,Dr.,0.8,Diagnostic Radiology,30
215345,187706238,Carlos,Sloan,carlos.sloan@datacourse.com,Dr.,0.95,Diagnostic Radiology,30
215349,187705328,Brett,Brown,brett.brown@datacourse.com,Dr.,0.9,Family Medicine,8
215350,187701090,Danny,Elliott,danny.elliott@datacourse.com,Dr.,1.0,Surgery,2
215352,187713544,Lisa,Trujillo,lisa.trujillo@datacourse.com,Dr.,0.3,Internal Medicine,11
215355,187715676,Elizabeth,Cross,elizabeth.cross@datacourse.com,Dr.,1.0,Internal Medicine,11
215358,187722930,Ethan,Olsen,ethan.olsen@datacourse.com,Dr.,0.97,Internal Medicine,11
215365,187707694,Robert,Stephens,robert.stephens@datacourse.com,Dr.,1.0,Emergency Medicine,93
215367,187723060,Lisa,Armstrong,lisa.armstrong@datacourse.com,Dr.,0.62,Family Medicine,8
215369,187718328,James,Bass,james.bass@datacourse.com,Dr.,0.75,Internal Medicine,11
215371,187710138,Leah,Decker,leah.decker@datacourse.com,Dr.,0.95,Internal Medicine,11
215373,187706420,Ana,Miles,ana.miles@datacourse.com,Dr.,0.72,Internal Medicine,11
215374,187707278,Daniel,Noble,daniel.noble@datacourse.com,Dr.,1.0,Emergency Medicine,93
215376,187723736,Matthew,Mayo,matthew.mayo@datacourse.com,Dr.,1.0,Internal Medicine,11
215380,187701818,Carly,Ayala,carly.ayala@datacourse.com,Dr.,0.2,Family Medicine,8
215381,187718770,Rebecca,Shelton,rebecca.shelton@datacourse.com,Dr.,1.0,Family Medicine,8
215389,187704652,Tammie,Schwartz,tammie.schwartz@datacourse.com,Dr.,0.75,Psychiatry & Neurology,86
215391,187705042,Samantha,Valdez,samantha.valdez@datacourse.com,Dr.,0.52,Internal Medicine,11
215395,187723138,George,Duke,george.duke@datacourse.com,Dr.,0.75,Pathology,22
215398,187707408,Meagan,Tate,meagan.tate@datacourse.com,Dr.,0.7,Family Medicine,8
215399,187723814,Angela,Parks,angela.parks@datacourse.com,Dr.,1.0,Surgery,2
215400,187722072,Donald,Clay,donald.clay@datacourse.com,Dr.,1.0,Diagnostic Radiology,30
215401,187720538,Darlene,Young,darlene.young@datacourse.com,Dr.,1.0,Emergency Medicine,93
215404,187716690,Mallory,Mcguire,mallory.mcguire@datacourse.com,Dr.,0.65,Physical Medicine & Rehabilitation,25
215409,187703404,Robert,Kline,robert.kline@datacourse.com,Dr.,0.96,Internal Medicine,11
215411,187716768,Dennis,Cooke,dennis.cooke@datacourse.com,Dr.,1.0,Diagnostic Radiology,30
215413,187723476,Autumn,Collier,autumn.collier@datacourse.com,Dr.,1.0,Family Medicine,8
215417,187701246,Evan,Benitez,evan.benitez@datacourse.com,Dr.,0.8,Diagnostic Radiology,30
215419,187710736,Richard,Underwood,richard.underwood@datacourse.com,Dr.,1.0,Pediatrics,37
215420,187706186,Carrie,Richmond,carrie.richmond@datacourse.com,Dr.,1.0,Nuclear Medicine,36
215421,187723190,Chase,Ibarra,chase.ibarra@datacourse.com,Dr.,0.19,Orthopaedic Surgery,20
215423,187703586,Kayla,Carr,kayla.carr@datacourse.com,Dr.,1.0,Emergency Medicine,93
215424,187702936,Tina,Hawkins,tina.hawkins@datacourse.com,Dr.,0.5,Surgery - Surgical Critical Care,28
215426,187720876,Anthony,Bright,anthony.bright@datacourse.com,Dr.,0.27,Family Medicine,8
215427,187701506,Jennifer,Gordon,jennifer.gordon@datacourse.com,Dr.,0.8,Obstetrics & Gynecology,16
215431,187710970,Mark,Sutton,mark.sutton@datacourse.com,Dr.,0.85,Diagnostic Radiology,30
215436,187706056,Keith,Kane,keith.kane@datacourse.com,Dr.,0.82,Internal Medicine,11
215437,187706030,Richard,Rivas,richard.rivas@datacourse.com,Dr.,0.93,Internal Medicine,11
215443,187722176,Rodney,Morris,rodney.morris@datacourse.com,Dr.,0.8,Orthopaedic Surgery,20
215444,187722384,John,Ballard,john.ballard@datacourse.com,Dr.,0.5,Family Medicine,8
215445,187715936,Mark,Cook,mark.cook@datacourse.com,Dr.,1.0,Internal Medicine,11
215446,187710164,Hunter,Nelson,hunter.nelson@datacourse.com,Dr.,0.76,Diagnostic Radiology,30
215447,187709930,Sandra,Mclean,sandra.mclean@datacourse.com,Dr.,1.0,Emergency Medicine,93
215450,187707018,Mary,Kelley,mary.kelley@datacourse.com,Dr.,0.82,Internal Medicine,11
215461,187712166,Mary,Allen,mary.allen@datacourse.com,Dr.,0.5,Family Medicine,8
215464,187716898,Stephen,Montoya,stephen.montoya@datacourse.com,Dr.,0.8,Pathology,22
215465,187699972,Jimmy,Cannon,jimmy.cannon@datacourse.com,Dr.,0.95,Internal Medicine,11
215466,187717002,Joshua,Savage,joshua.savage@datacourse.com,Dr.,0.6,Family Medicine,8
215471,187709514,Linda,Curtis,linda.curtis@datacourse.com,Dr.,0.9,Internal Medicine,11
215474,187711958,Kelly,Russo,kelly.russo@datacourse.com,Dr.,0.6,Emergency Medicine,93
215477,187713856,Natalie,Rhodes,natalie.rhodes@datacourse.com,Dr.,1.0,Neurological Surgery,14
215485,187712868,Tabitha,Glenn,tabitha.glenn@datacourse.com,Dr.,1.0,Internal Medicine,11
215489,187703092,Sheri,Landry,sheri.landry@datacourse.com,Dr.,0.5,Family Medicine,8
215490,187720122,Stephen,Butler,stephen.butler@datacourse.com,Dr.,0.9,Diagnostic Radiology,30
215491,187709020,Tracy,Sheppard,tracy.sheppard@datacourse.com,Dr.,0.15,Family Medicine,8
215505,187714272,Anna,Simmons,anna.simmons@datacourse.com,Dr.,0.49,Family Medicine,8
215506,187722722,Kathryn,Stewart,kathryn.stewart@datacourse.com,Dr.,1.0,Hospitalist,C6
215508,187713986,William,Goodman,william.goodman@datacourse.com,Dr.,0.12,Internal Medicine,11
215516,187720824,Christopher,Roman,christopher.roman@datacourse.com,Dr.,0.25,Internal Medicine,11
215517,187723944,Kelli,Lloyd,kelli.lloyd@datacourse.com,Dr.,0.6,Diagnostic Radiology,30
215518,187718146,Anthony,Tanner,anthony.tanner@datacourse.com,Dr.,1.0,Family Medicine,8
215519,187702078,Scott,Meyer,scott.meyer@datacourse.com,Dr.,0.9,Diagnostic Radiology,30
215521,187716404,Ann,Levy,ann.levy@datacourse.com,Dr.,1.0,Family Medicine,8
215522,187722878,Stacey,Wilson,stacey.wilson@datacourse.com,Dr.,0.58,Diagnostic Radiology,30
215525,187711516,Deborah,Roberson,deborah.roberson@datacourse.com,Dr.,0.4,Emergency Medicine,93
215527,187711204,April,Hines,april.hines@datacourse.com,Dr.,0.73,Emergency Medicine,93
215529,187707876,Karen,Peterson,karen.peterson@datacourse.com,Dr.,1.0,Internal Medicine,11
215533,187701350,Chad,Mooney,chad.mooney@datacourse.com,Dr.,1.0,Family Medicine,8
215534,187709254,Troy,Anthony,troy.anthony@datacourse.com,Dr.,1.0,Internal Medicine,11
215540,187712712,Deborah,Stevens,deborah.stevens@datacourse.com,Dr.,0.4,Emergency Medicine,93
215542,187707148,Andrew,Bell,andrew.bell@datacourse.com,Dr.,0.95,Diagnostic Radiology,30
215543,187707512,Melanie,Kent,melanie.kent@datacourse.com,Dr.,1.0,Internal Medicine,11
215544,187709722,Kathryn,Vaughan,kathryn.vaughan@datacourse.com,Dr.,0.95,Nuclear Medicine,36
215545,187722098,Scott,Harvey,scott.harvey@datacourse.com,Dr.,1.0,Internal Medicine,11
215546,187714636,Natalie,Cobb,natalie.cobb@datacourse.com,Dr.,0.85,Obstetrics & Gynecology,16
215547,187716014,Nicholas,Figueroa,nicholas.figueroa@datacourse.com,Dr.,0.9,Pediatrics,37
215548,187718614,Nicole,Rodgers,nicole.rodgers@datacourse.com,Dr.,1.0,Family Medicine,8
215550,187720564,Elizabeth,Scott,elizabeth.scott@datacourse.com,Dr.,0.11,Psychiatry & Neurology,86
215551,187700258,Connie,Copeland,connie.copeland@datacourse.com,Dr.,1.0,Family Medicine,8
215555,187705562,Patrick,Mccormick,patrick.mccormick@datacourse.com,Dr.,1.0,Internal Medicine,11
215557,187708812,Jamie,Winters,jamie.winters@datacourse.com,Dr.,0.95,Diagnostic Radiology,30
215558,187721552,Michael,Houston,michael.houston@datacourse.com,Dr.,1.0,Obstetrics & Gynecology,16
215561,187719992,Charles,Zimmerman,charles.zimmerman@datacourse.com,Dr.,1.0,Internal Medicine,11
215563,187722540,Tammy,Mcclure,tammy.mcclure@datacourse.com,Dr.,0.2,Surgery - Vascular Surgery,77
215566,187707070,Peggy,Lane,peggy.lane@datacourse.com,Dr.,0.41,Surgery - Surgical Critical Care,28
215568,187717912,Beth,Norton,beth.norton@datacourse.com,Dr.,1.0,Pediatrics,37
215572,187705848,Jessica,Dean,jessica.dean@datacourse.com,Dr.,1.0,Internal Medicine,11
215573,187715520,Patricia,Thompson,patricia.thompson@datacourse.com,Dr.,1.0,Diagnostic Radiology,30
215576,187700128,Faith,Church,faith.church@datacourse.com,Dr.,0.95,Optometrist,41
215579,187699894,Joshua,Rosales,joshua.rosales@datacourse.com,Dr.,1.0,Psychiatry & Neurology,86
215590,187721526,Erika,Lambert,erika.lambert@datacourse.com,Dr.,0.25,Diagnostic Radiology,30
215595,187701610,Daniel,Crane,daniel.crane@datacourse.com,Dr.,0.75,Pediatrics,37
215597,187706498,John,Blanchard,john.blanchard@datacourse.com,Dr.,0.68,Internal Medicine,11
215598,187706940,Marcia,Griffin,marcia.griffin@datacourse.com,Dr.,1.0,Internal Medicine,11
215603,187722254,Joseph,Blake,joseph.blake@datacourse.com,Dr.,1.0,Family Medicine,8
215605,187702208,Jeremy,Vaughn,jeremy.vaughn@datacourse.com,Dr.,1.0,Thoracic Surgery (Cardiothoracic Vascular Surgery),33
215611,187705588,Robert,Alexander,robert.alexander@datacourse.com,Dr.,0.7,Obstetrics & Gynecology,16
215612,187713622,Shelley,Black,shelley.black@datacourse.com,Dr.,1.0,Orthopaedic Surgery,20
215614,187713596,Thomas,Li,thomas.li@datacourse.com,Dr.,0.85,Diagnostic Radiology,30
215615,187705016,Stephanie,Mcknight,stephanie.mcknight@datacourse.com,Dr.,0.9,Family Medicine,8
215617,187707538,Lori,Shaw,lori.shaw@datacourse.com,Dr.,1.0,Internal Medicine,11
215619,187711646,Jennifer,Pittman,jennifer.pittman@datacourse.com,Dr.,0.95,Internal Medicine,11
215625,187716378,Timothy,Gaines,timothy.gaines@datacourse.com,Dr.,0.8,Surgery,2
215626,187704444,Keith,Mckay,keith.mckay@datacourse.com,Dr.,0.97,Internal Medicine,11
215628,187713258,Marcus,Henson,marcus.henson@datacourse.com,Dr.,0.5,Pathology,22
215631,187718094,Ashley,Davis,ashley.davis@datacourse.com,Dr.,0.8,Family Medicine,8
215633,187721240,Michael,Hunter,michael.hunter@datacourse.com,Dr.,0.95,Physical Medicine & Rehabilitation,25
215634,187718588,Carmen,Wood,carmen.wood@datacourse.com,Dr.,0.9,Diagnostic Radiology,30
215637,187714974,Richard,Potts,richard.potts@datacourse.com,Dr.,1.0,Family Medicine,8
215641,187702156,Emily,Guerrero,emily.guerrero@datacourse.com,Dr.,1.0,Pediatrics,37
215642,187703118,Carol,Reese,carol.reese@datacourse.com,Dr.,0.28,Obstetrics & Gynecology,16
215643,187716248,Isaac,Huynh,isaac.huynh@datacourse.com,Dr.,1.0,Diagnostic Radiology,30
215646,187707772,Sean,Lam,sean.lam@datacourse.com,Dr.,0.87,Internal Medicine,11
215653,187717704,Linda,Hooper,linda.hooper@datacourse.com,Dr.,0.57,Diagnostic Radiology,30
215655,187721318,Derek,Fischer,derek.fischer@datacourse.com,Dr.,0.06,Diagnostic Radiology,30
215656,187700414,Damon,Gibson,damon.gibson@datacourse.com,Dr.,0.85,Internal Medicine,11
215659,187704288,Molly,Bautista,molly.bautista@datacourse.com,Dr.,1.0,Pediatrics,37
215664,187723840,Nicholas,Zavala,nicholas.zavala@datacourse.com,Dr.,1.0,Family Medicine,8
215670,187713154,Justin,Luna,justin.luna@datacourse.com,Dr.,0.8,Family Medicine,8
215672,187711672,Melissa,Mann,melissa.mann@datacourse.com,Dr.,0.85,Diagnostic Radiology,30
215674,187714870,Bobby,Glass,bobby.glass@datacourse.com,Dr.,0.8,Internal Medicine,11
215679,187708474,Madison,Wilkinson,madison.wilkinson@datacourse.com,Dr.,0.95,Diagnostic Radiology,30
215680,187705900,Adam,Kennedy,adam.kennedy@datacourse.com,Dr.,1.0,Internal Medicine,11
215683,187720746,Anna,Cline,anna.cline@datacourse.com,Dr.,0.95,Nuclear Medicine,36
215686,187721916,Amy,Jordan,amy.jordan@datacourse.com,Dr.,0.6,Internal Medicine,11
215688,187715910,Allen,Bradshaw,allen.bradshaw@datacourse.com,Dr.,0.5,Internal Medicine,11
215691,187708240,Steven,Kaiser,steven.kaiser@datacourse.com,Dr.,1.0,Internal Medicine,11
215692,187714922,Timothy,Byrd,timothy.byrd@datacourse.com,Dr.,0.66,Internal Medicine,11
215693,187704106,Maria,Levine,maria.levine@datacourse.com,Dr.,0.9,Internal Medicine,11
215697,187713024,Stephanie,Proctor,stephanie.proctor@datacourse.com,Dr.,0.68,Internal Medicine,11
215698,187709462,Kevin,Becker,kevin.becker@datacourse.com,Dr.,0.9,Internal Medicine,11
215699,187721110,Shawn,Fowler,shawn.fowler@datacourse.com,Dr.,0.85,Obstetrics & Gynecology,16
215701,187722280,Harry,Mason,harry.mason@datacourse.com,Dr.,1.0,Emergency Medicine,93
215702,187706992,John,Roach,john.roach@datacourse.com,Dr.,0.13,Psychiatry & Neurology,86
215703,187722462,Jennifer,Wilcox,jennifer.wilcox@datacourse.com,Dr.,0.95,Diagnostic Radiology,30
215705,187722358,Joshua,Fox,joshua.fox@datacourse.com,Dr.,0.52,Emergency Medicine,93
215706,187703378,Jesse,Mays,jesse.mays@datacourse.com,Dr.,0.1,Pathology,22
215708,187709618,Patrick,Powers,patrick.powers@datacourse.com,Dr.,0.6,Diagnostic Radiology,30
215709,187700986,Samantha,Perry,samantha.perry@datacourse.com,Dr.,0.85,Surgery,2
215710,187718666,Laura,Burns,laura.burns@datacourse.com,Dr.,0.75,Internal Medicine,11
215711,187720772,Megan,West,megan.west@datacourse.com,Dr.,0.9,Pediatrics,37
215713,187720460,Alex,Velazquez,alex.velazquez@datacourse.com,Dr.,0.72,Obstetrics & Gynecology,16
215714,187712998,Elizabeth,Avery,elizabeth.avery@datacourse.com,Dr.,0.7,Pediatrics,37
215717,187708552,Dawn,Bentley,dawn.bentley@datacourse.com,Dr.,1.0,Emergency Medicine,93
215720,187705250,Jordan,Sweeney,jordan.sweeney@datacourse.com,Dr.,0.85,Internal Medicine,11
215722,187703066,Paul,Ross,paul.ross@datacourse.com,Dr.,0.93,Internal Medicine,11
215725,187716560,Jeffrey,Reilly,jeffrey.reilly@datacourse.com,Dr.,0.5,Internal Medicine,11
215726,187709696,Nicholas,Lester,nicholas.lester@datacourse.com,Dr.,0.95,Emergency Medicine,93
215730,187705432,Leslie,Steele,leslie.steele@datacourse.com,Dr.,0.9,Family Medicine,8
215732,187717288,Timothy,Wagner,timothy.wagner@datacourse.com,Dr.,0.6,Family Medicine,8
215733,187708734,Kimberly,Hoover,kimberly.hoover@datacourse.com,Dr.,0.8,Family Medicine,8
215738,187711802,Ashley,Day,ashley.day@datacourse.com,Dr.,0.94,Internal Medicine,11
215739,187720408,Christopher,Wise,christopher.wise@datacourse.com,Dr.,0.6,Family Medicine,8
215741,187712738,Timothy,Thomas,timothy.thomas@datacourse.com,Dr.,0.9,Family Medicine,8
215746,187700466,William,Cowan,william.cowan@datacourse.com,Dr.,0.65,Dermatology,7
215748,187715078,Anthony,Bond,anthony.bond@datacourse.com,Dr.,1.0,Family Medicine,8
215751,187710450,Anita,James,anita.james@datacourse.com,Dr.,1.0,Emergency Medicine,93
215757,187719030,Jessica,Espinoza,jessica.espinoza@datacourse.com,Dr.,0.4,Internal Medicine,11
215764,187702260,Isaiah,Bean,isaiah.bean@datacourse.com,Dr.,1.0,Family Medicine,8
215765,187720278,Frank,Berger,frank.berger@datacourse.com,Dr.,0.67,Pediatrics,37
215767,187717600,Stephanie,Mathews,stephanie.mathews@datacourse.com,Dr.,0.65,Diagnostic Radiology,30
215769,187723450,Victoria,Moon,victoria.moon@datacourse.com,Dr.,0.12,Optometrist,41
215770,187703040,Stephanie,Vargas,stephanie.vargas@datacourse.com,Dr.,0.69,Family Medicine,8
215772,187708318,Amanda,Craig,amanda.craig@datacourse.com,Dr.,1.0,Internal Medicine,11
215779,187703846,Jacqueline,Graham,jacqueline.graham@datacourse.com,Dr.,1.0,Pediatrics,37
215780,187718978,Danielle,Howe,danielle.howe@datacourse.com,Dr.,1.0,Internal Medicine,11
215781,187711724,Ashley,Hale,ashley.hale@datacourse.com,Dr.,0.5,Family Medicine,8
215782,187710008,Gregory,Spears,gregory.spears@datacourse.com,Dr.,1.0,Emergency Medicine,93
215783,187721968,Anthony,Solis,anthony.solis@datacourse.com,Dr.,0.5,Obstetrics & Gynecology,16
215787,187708630,John,Case,john.case@datacourse.com,Dr.,0.9,Family Medicine,8
215788,187715988,Rebecca,Caldwell,rebecca.caldwell@datacourse.com,Dr.,0.97,Psychiatry & Neurology,86
215790,187715468,Dawn,Briggs,dawn.briggs@datacourse.com,Dr.,0.41,Surgery,2
215791,187706836,Robert,Meadows,robert.meadows@datacourse.com,Dr.,1.0,Emergency Medicine,93
215794,187705692,Kayla,Walls,kayla.walls@datacourse.com,Dr.,1.0,Emergency Medicine,93
215795,187714220,Dennis,Romero,dennis.romero@datacourse.com,Dr.,0.32,Physical Medicine & Rehabilitation,25
215797,187708136,Richard,Solomon,richard.solomon@datacourse.com,Dr.,0.8,Pathology,22
215798,187704392,Jeffery,Jacobson,jeffery.jacobson@datacourse.com,Dr.,0.55,Pathology,22
215799,187700492,Shawn,Cruz,shawn.cruz@datacourse.com,Dr.,1.0,Diagnostic Radiology,30
215802,187700856,Lisa,Gutierrez,lisa.gutierrez@datacourse.com,Dr.,0.15,Internal Medicine,11
215804,187723398,David,Pacheco,david.pacheco@datacourse.com,Dr.,0.3,Family Medicine,8
215805,187717470,Trevor,Singh,trevor.singh@datacourse.com,Dr.,0.93,Orthopaedic Surgery,20
215812,187709800,Jason,Giles,jason.giles@datacourse.com,Dr.,1.0,Obstetrics & Gynecology,16
215815,187721500,Mary,Crawford,mary.crawford@datacourse.com,Dr.,0.6,Obstetrics & Gynecology,16
215820,187704782,Paul,Hubbard,paul.hubbard@datacourse.com,Dr.,0.93,Internal Medicine,11
215823,187704574,Jennifer,Calhoun,jennifer.calhoun@datacourse.com,Dr.,0.17,Internal Medicine,11
215825,187715728,Eric,Martinez,eric.martinez@datacourse.com,Dr.,0.95,Pathology,22
215826,187701896,Heidi,Cardenas,heidi.cardenas@datacourse.com,Dr.,0.1,Anesthesiology,5
215827,187708890,Erica,Ellis,erica.ellis@datacourse.com,Dr.,0.6,Orthopaedic Surgery,20
215828,187700804,Amber,Dickerson,amber.dickerson@datacourse.com,Dr.,1.0,Emergency Medicine,93
215834,187701740,Melissa,Ferguson,melissa.ferguson@datacourse.com,Dr.,0.75,Pediatrics,37
215836,187710086,Tanner,Kelly,tanner.kelly@datacourse.com,Dr.,0.5,Internal Medicine,11
215837,187720018,Dawn,Kerr,dawn.kerr@datacourse.com,Dr.,1.0,Family Medicine,8
215838,187721474,Cassandra,Potter,cassandra.potter@datacourse.com,Dr.,1.0,Surgery,2
215841,187707668,Trevor,Reeves,trevor.reeves@datacourse.com,Dr.,0.97,Internal Medicine,11
215843,187700310,Laura,Larson,laura.larson@datacourse.com,Dr.,0.7,Internal Medicine,11
215845,187703456,Christopher,Haas,christopher.haas@datacourse.com,Dr.,0.9,Family Medicine,8
215848,187723294,Diana,Parker,diana.parker@datacourse.com,Dr.,1.0,Pediatrics,37
215853,187704626,Robert,Bolton,robert.bolton@datacourse.com,Dr.,0.6,Pathology,22
215855,187715052,Brian,Summers,brian.summers@datacourse.com,Dr.,0.5,Pathology,22
215858,187704860,Jeffrey,Fleming,jeffrey.fleming@datacourse.com,Dr.,0.9,Internal Medicine,11
215859,187702884,Mary,Ramos,mary.ramos@datacourse.com,Dr.,0.82,Internal Medicine,11
215860,187700830,Mark,Vang,mark.vang@datacourse.com,Dr.,0.2,Internal Medicine,11
215861,187702182,James,Lowe,james.lowe@datacourse.com,Dr.,0.05,Pathology,22
215862,187719472,Melanie,Donaldson,melanie.donaldson@datacourse.com,Dr.,1.0,Pediatrics,37
215867,187713518,Elizabeth,Benjamin,elizabeth.benjamin@datacourse.com,Dr.,1.0,Family Medicine,8
215871,187703976,Andrew,Mata,andrew.mata@datacourse.com,Dr.,0.8,Internal Medicine,11
215875,187702494,Michael,Welch,michael.welch@datacourse.com,Dr.,0.8,Diagnostic Radiology,30
215876,187721292,Donald,Pope,donald.pope@datacourse.com,Dr.,1.0,Internal Medicine,11
215878,187718016,Christopher,Macdonald,christopher.macdonald@datacourse.com,Dr.,0.66,Diagnostic Radiology,30
215879,187707564,David,Torres,david.torres@datacourse.com,Dr.,0.8,Internal Medicine,11
215881,187712530,James,Randall,james.randall@datacourse.com,Dr.,0.9,Family Medicine,8
215887,187708968,Connor,Richards,connor.richards@datacourse.com,Dr.,0.76,Diagnostic Radiology,30
215889,187706394,Rick,Acevedo,rick.acevedo@datacourse.com,Dr.,0.55,Surgery - Vascular Surgery,77
215891,187706680,Jennifer,Knox,jennifer.knox@datacourse.com,Dr.,0.45,Psychiatry & Neurology,86
215892,187708110,Andrew,Green,andrew.green@datacourse.com,Dr.,0.16,Internal Medicine,11
215893,187712296,Brian,Gould,brian.gould@datacourse.com,Dr.,0.7,Internal Medicine,11
215895,187705770,Amanda,Mccall,amanda.mccall@datacourse.com,Dr.,0.6,Family Medicine,8
215896,187722566,Katherine,Montes,katherine.montes@datacourse.com,Dr.,0.93,Internal Medicine,11
215897,187715104,Nathan,Brewer,nathan.brewer@datacourse.com,Dr.,1.0,Internal Medicine,11
215898,187704262,Meagan,Preston,meagan.preston@datacourse.com,Dr.,1.0,Pediatrics,37
215900,187711126,Michaela,Booker,michaela.booker@datacourse.com,Dr.,0.7,Family Medicine,8
215903,187706862,Robert,Warner,robert.warner@datacourse.com,Dr.,1.0,Family Medicine,8
215904,187710242,Jeremy,Rosario,jeremy.rosario@datacourse.com,Dr.,0.45,Internal Medicine,11
215905,187718926,Timothy,Krause,timothy.krause@datacourse.com,Dr.,1.0,Internal Medicine,11
215909,187705406,Matthew,Lee,matthew.lee@datacourse.com,Dr.,0.2,Internal Medicine,11
215910,187710424,David,Morales,david.morales@datacourse.com,Dr.,1.0,Emergency Medicine,93
215913,187711594,Kristin,Holden,kristin.holden@datacourse.com,Dr.,0.55,Pathology,22
215915,187724282,Laura,Gallegos,laura.gallegos@datacourse.com,Dr.,0.65,Pathology,22
215917,187724074,Melanie,Schneider,melanie.schneider@datacourse.com,Dr.,0.73,Psychiatry & Neurology,86
215918,187713934,Caroline,Ho,caroline.ho@datacourse.com,Dr.,0.95,Obstetrics & Gynecology,16
215920,187723996,Michael,Wang,michael.wang@datacourse.com,Dr.,0.5,Physical Medicine & Rehabilitation,25
215921,187712660,Tiffany,Baxter,tiffany.baxter@datacourse.com,Dr.,1.0,Diagnostic Radiology,30
215925,187724178,Amanda,Walters,amanda.walters@datacourse.com,Dr.,1.0,Internal Medicine,11
215926,187702052,Debbie,Archer,debbie.archer@datacourse.com,Dr.,0.07,Internal Medicine,11
215928,187711620,Julie,Maddox,julie.maddox@datacourse.com,Dr.,0.7,Family Medicine,8
215931,187702728,Paula,Forbes,paula.forbes@datacourse.com,Dr.,0.2,Internal Medicine,11
215935,187702026,Matthew,Cervantes,matthew.cervantes@datacourse.com,Dr.,0.95,Pediatrics,37
215941,187722774,James,Sandoval,james.sandoval@datacourse.com,Dr.,0.93,Psychiatry & Neurology,86
215943,187707252,Linda,Newman,linda.newman@datacourse.com,Dr.,0.17,Family Medicine,8
215944,187720356,Jessica,Mcneil,jessica.mcneil@datacourse.com,Dr.,0.14,Otolaryngology,4
215945,187715832,Caroline,Ali,caroline.ali@datacourse.com,Dr.,1.0,Internal Medicine,11
215950,187713674,Nicholas,Rose,nicholas.rose@datacourse.com,Dr.,1.0,Surgery,2
215952,187713908,Haley,Lin,haley.lin@datacourse.com,Dr.,1.0,Emergency Medicine,93
215953,187722124,Derek,Shepherd,derek.shepherd@datacourse.com,Dr.,0.7,Pediatrics,37
215955,187703482,Isaac,Sampson,isaac.sampson@datacourse.com,Dr.,0.8,Family Medicine,8
215957,187710554,Jeremy,Sanchez,jeremy.sanchez@datacourse.com,Dr.,0.85,Internal Medicine,11
215959,187704678,Christopher,Peck,christopher.peck@datacourse.com,Dr.,0.67,Internal Medicine,11
215963,187712244,Elizabeth,Lucero,elizabeth.lucero@datacourse.com,Dr.,0.9,Pediatrics,37
215966,187714584,Brittany,Gilmore,brittany.gilmore@datacourse.com,Dr.,1.0,Internal Medicine,11
215967,187710996,Tiffany,Haley,tiffany.haley@datacourse.com,Dr.,0.24,Pediatrics,37
215968,187704236,Samantha,Nichols,samantha.nichols@datacourse.com,Dr.,0.8,Internal Medicine,11
215974,187713960,Carolyn,Delacruz,carolyn.delacruz@datacourse.com,Dr.,1.0,Internal Medicine,11
215975,187709358,Emily,English,emily.english@datacourse.com,Dr.,0.25,Internal Medicine,11
215982,187702806,Kristen,Clark,kristen.clark@datacourse.com,Dr.,1.0,Internal Medicine,11
215988,187714194,Steven,Ware,steven.ware@datacourse.com,Dr.,0.8,Family Medicine,8
215989,187708994,Heather,Berg,heather.berg@datacourse.com,Dr.,1.0,Pediatrics,37
215990,187704990,Richard,Pruitt,richard.pruitt@datacourse.com,Dr.,0.75,Family Medicine,8
215991,187717574,Dennis,Sullivan,dennis.sullivan@datacourse.com,Dr.,0.9,Diagnostic Radiology,30
215992,187721396,Danielle,Crosby,danielle.crosby@datacourse.com,Dr.,0.93,Internal Medicine,11
215993,187703716,Robert,Padilla,robert.padilla@datacourse.com,Dr.,0.95,Diagnostic Radiology,30
215995,187723112,Brandon,Randolph,brandon.randolph@datacourse.com,Dr.,0.71,Diagnostic Radiology,30
215997,187704548,Krista,Reid,krista.reid@datacourse.com,Dr.,0.25,Family Medicine,8
215999,187718120,Hannah,Stanley,hannah.stanley@datacourse.com,Dr.,0.55,Internal Medicine,11
216000,187716846,Jillian,Moreno,jillian.moreno@datacourse.com,Dr.,0.55,Internal Medicine,11
216002,187706810,Todd,Jensen,todd.jensen@datacourse.com,Dr.,0.83,Psychiatry & Neurology,86
216003,187712920,Jason,Finley,jason.finley@datacourse.com,Dr.,0.95,Diagnostic Radiology,30
216006,187719498,Daniel,Barber,daniel.barber@datacourse.com,Dr.,1.0,Internal Medicine,11
216007,187715754,Brian,King,brian.king@datacourse.com,Dr.,0.8,Internal Medicine,11
216009,187707226,Nathaniel,Mercer,nathaniel.mercer@datacourse.com,Dr.,1.0,Family Medicine,8
216013,187715858,Brian,Morton,brian.morton@datacourse.com,Dr.,0.3,Surgery - Vascular Surgery,77
216015,187716196,Jennifer,Matthews,jennifer.matthews@datacourse.com,Dr.,1.0,Diagnostic Radiology,30
216017,187720382,Blake,Benson,blake.benson@datacourse.com,Dr.,1.0,Internal Medicine,11
216019,187700752,Brian,Huang,brian.huang@datacourse.com,Dr.,0.65,Internal Medicine,11
216021,187714428,Tina,Smith,tina.smith@datacourse.com,Dr.,0.5,Internal Medicine,11
216022,187707330,Edward,Stone,edward.stone@datacourse.com,Dr.,0.6,Internal Medicine,11
216026,187699998,Brenda,Parrish,brenda.parrish@datacourse.com,Dr.,0.58,Internal Medicine,11
216027,187721994,Tracy,Mora,tracy.mora@datacourse.com,Dr.,0.8,Pediatrics,37
216036,187721786,Jessica,Wade,jessica.wade@datacourse.com,Dr.,0.95,Pathology,22
216038,187723788,Ronald,Hendrix,ronald.hendrix@datacourse.com,Dr.,1.0,Internal Medicine,11
216039,187707590,Thomas,Cantu,thomas.cantu@datacourse.com,Dr.,1.0,Family Medicine,8
216040,187710398,Michael,Frost,michael.frost@datacourse.com,Dr.,0.98,Internal Medicine,11
216044,187705536,Haley,Andersen,haley.andersen@datacourse.com,Dr.,0.7,Psychiatry & Neurology,86
216046,187710112,Jack,Gardner,jack.gardner@datacourse.com,Dr.,1.0,Internal Medicine,11
216050,187709670,Linda,Gonzales,linda.gonzales@datacourse.com,Dr.,0.3,Pediatrics,37
216052,187722748,Alexandra,Stark,alexandra.stark@datacourse.com,Dr.,0.05,Internal Medicine,11
216053,187701584,Elizabeth,Dodson,elizabeth.dodson@datacourse.com,Dr.,1.0,Internal Medicine,11
216063,187700076,David,Alvarado,david.alvarado@datacourse.com,Dr.,0.4,Family Medicine,8
216064,187708578,John,Conrad,john.conrad@datacourse.com,Dr.,0.5,Internal Medicine,11
216065,187704522,Jerry,Flynn,jerry.flynn@datacourse.com,Dr.,1.0,Surgery - Vascular Surgery,77
216068,187700284,Nathan,Franco,nathan.franco@datacourse.com,Dr.,1.0,Internal Medicine,11
216069,187707824,Elizabeth,Christian,elizabeth.christian@datacourse.com,Dr.,0.01,Family Medicine,8
216070,187717054,Zachary,Valenzuela,zachary.valenzuela@datacourse.com,Dr.,0.5,Internal Medicine,11
216072,187723658,Jennifer,Hayden,jennifer.hayden@datacourse.com,Dr.,0.66,Pathology,22
216075,187699920,Andrea,Maynard,andrea.maynard@datacourse.com,Dr.,0.85,Surgery,2
216076,187708526,Edward,Weiss,edward.weiss@datacourse.com,Dr.,0.8,Pathology,22
216082,187716222,Cesar,Barker,cesar.barker@datacourse.com,Dr.,0.76,Diagnostic Radiology,30
216083,187721032,Deanna,Yang,deanna.yang@datacourse.com,Dr.,0.9,Diagnostic Radiology,30
216085,187706368,John,Hutchinson,john.hutchinson@datacourse.com,Dr.,1.0,Internal Medicine,11
216086,187708006,Mark,Anderson,mark.anderson@datacourse.com,Dr.,1.0,Surgery,2
216088,187712894,James,Hart,james.hart@datacourse.com,Dr.,1.0,Surgery,2
216099,187715000,Christopher,Shepard,christopher.shepard@datacourse.com,Dr.,1.0,Family Medicine,8
216100,187706732,Ronnie,Payne,ronnie.payne@datacourse.com,Dr.,1.0,Psychiatry & Neurology,86
216102,187700778,Jeffrey,George,jeffrey.george@datacourse.com,Dr.,0.85,Internal Medicine,11
216104,187705458,Michael,Cabrera,michael.cabrera@datacourse.com,Dr.,0.3,Internal Medicine,11
216106,187700206,Samuel,Arroyo,samuel.arroyo@datacourse.com,Dr.,0.7,Family Medicine,8
216108,187702234,Carla,Richard,carla.richard@datacourse.com,Dr.,1.0,Internal Medicine,11
216109,187712556,Amber,Estes,amber.estes@datacourse.com,Dr.,0.75,Internal Medicine,11
216111,187717808,Mark,Leonard,mark.leonard@datacourse.com,Dr.,0.9,Thoracic Surgery (Cardiothoracic Vascular Surgery),33
216112,187704886,Jason,Spence,jason.spence@datacourse.com,Dr.,1.0,Family Medicine,8
216116,187705302,Donna,Flowers,donna.flowers@datacourse.com,Dr.,1.0,Internal Medicine,11
216117,187703430,Brian,Herman,brian.herman@datacourse.com,Dr.,0.21,Surgery,2
216119,187716040,Lauren,Blackburn,lauren.blackburn@datacourse.com,Dr.,0.29,Internal Medicine,11
216123,187719368,Troy,Mcclain,troy.mcclain@datacourse.com,Dr.,0.55,Family Medicine,8
216126,187709566,Ashley,Lang,ashley.lang@datacourse.com,Dr.,0.5,Family Medicine,8
216129,187713570,John,Watson,john.watson@datacourse.com,Dr.,0.54,Internal Medicine,11
216133,187719238,Barbara,Harding,barbara.harding@datacourse.com,Dr.,1.0,Internal Medicine,11
216134,187703170,Christopher,Middleton,christopher.middleton@datacourse.com,Dr.,0.9,Family Medicine,8
216135,187715312,Alex,Brennan,alex.brennan@datacourse.com,Dr.,0.75,Diagnostic Radiology,30
216136,187703144,Connor,Rubio,connor.rubio@datacourse.com,Dr.,0.3,Obstetrics & Gynecology,16
216140,187723034,Misty,Campbell,misty.campbell@datacourse.com,Dr.,0.95,Diagnostic Radiology,30
216141,187710268,Billy,Duran,billy.duran@datacourse.com,Dr.,1.0,Internal Medicine,11
216142,187713440,Linda,Chase,linda.chase@datacourse.com,Dr.,1.0,Family Medicine,8
216145,187721370,Matthew,Ortiz,matthew.ortiz@datacourse.com,Dr.,0.2,Surgery - Vascular Surgery,77
216146,187716924,Tracy,Yu,tracy.yu@datacourse.com,Dr.,0.57,Internal Medicine,11
216150,187717340,Michael,Cox,michael.cox@datacourse.com,Dr.,1.0,Orthopaedic Surgery,20
216158,187708916,Logan,Greene,logan.greene@datacourse.com,Dr.,0.5,Pediatrics,37
216161,187723606,Heather,Skinner,heather.skinner@datacourse.com,Dr.,1.0,Internal Medicine,11
216162,187720226,Cindy,Weber,cindy.weber@datacourse.com,Dr.,1.0,Diagnostic Radiology,30
216167,187721656,Evan,Brandt,evan.brandt@datacourse.com,Dr.,1.0,Emergency Medicine,93
216168,187721084,Sarah,Murillo,sarah.murillo@datacourse.com,Dr.,1.0,Obstetrics & Gynecology,16
216170,187700440,Rebecca,Clarke,rebecca.clarke@datacourse.com,Dr.,0.9,Thoracic Surgery (Cardiothoracic Vascular Surgery),33
216172,187701844,Savannah,Webb,savannah.webb@datacourse.com,Dr.,0.68,Internal Medicine,11
216173,187721136,Michael,Browning,michael.browning@datacourse.com,Dr.,1.0,Family Medicine,8
216178,187723372,Jill,Garza,jill.garza@datacourse.com,Dr.,0.9,Internal Medicine,11
216181,187707798,Gregory,Rush,gregory.rush@datacourse.com,Dr.,0.9,Pediatrics,37
216184,187708760,Emily,Harrell,emily.harrell@datacourse.com,Dr.,1.0,Emergency Medicine,93
216185,187707746,Alan,Blackwell,alan.blackwell@datacourse.com,Dr.,1.0,Internal Medicine,11
216186,187714844,Jacqueline,Rios,jacqueline.rios@datacourse.com,Dr.,0.8,Internal Medicine,11
216187,187715286,Matthew,Velasquez,matthew.velasquez@datacourse.com,Dr.,0.9,Obstetrics & Gynecology,16
216188,187705666,Jeremy,Wong,jeremy.wong@datacourse.com,Dr.,0.95,Diagnostic Radiology,30
216189,187713284,Sandra,Bridges,sandra.bridges@datacourse.com,Dr.,0.8,Obstetrics & Gynecology,16
216190,187720096,Nina,Deleon,nina.deleon@datacourse.com,Dr.,0.5,Internal Medicine,11
216191,187719160,Joel,Wright,joel.wright@datacourse.com,Dr.,0.5,Family Medicine,8
216193,187703638,Wendy,Ruiz,wendy.ruiz@datacourse.com,Dr.,0.6,Family Medicine,8
216194,187701324,Eileen,Walsh,eileen.walsh@datacourse.com,Dr.,0.28,Orthopaedic Surgery,20
216197,187703768,Edward,Riggs,edward.riggs@datacourse.com,Dr.,0.95,Pathology,22
216202,187713882,Trevor,Shaffer,trevor.shaffer@datacourse.com,Dr.,1.0,Internal Medicine,11
216203,187713726,Jennifer,Davenport,jennifer.davenport@datacourse.com,Dr.,1.0,Family Medicine,8
216206,187700960,Melanie,Silva,melanie.silva@datacourse.com,Dr.,1.0,Family Medicine,8
216212,187724100,Monica,Gray,monica.gray@datacourse.com,Dr.,1.0,Diagnostic Radiology,30
216213,187717236,Perry,Marks,perry.marks@datacourse.com,Dr.,1.0,Diagnostic Radiology,30
216215,187722982,Maria,Orozco,maria.orozco@datacourse.com,Dr.,0.55,Family Medicine,8
216219,187716092,Jacqueline,Humphrey,jacqueline.humphrey@datacourse.com,Dr.,1.0,Pediatrics,37
216223,187723164,Michelle,Golden,michelle.golden@datacourse.com,Dr.,1.0,Pediatrics,37
216225,187705120,Eric,Terry,eric.terry@datacourse.com,Dr.,0.22,Internal Medicine,11
216227,187712140,Heather,Gillespie,heather.gillespie@datacourse.com,Dr.,0.58,Internal Medicine,11
216228,187713362,Douglas,Hill,douglas.hill@datacourse.com,Dr.,0.72,Internal Medicine,11
216232,187722436,Ethan,Stout,ethan.stout@datacourse.com,Dr.,0.95,Diagnostic Radiology,30
216233,187710632,Michael,Cuevas,michael.cuevas@datacourse.com,Dr.,0.35,Diagnostic Radiology,30
216235,187714792,Kristen,Bailey,kristen.bailey@datacourse.com,Dr.,1.0,Family Medicine,8
216238,187716586,Debra,Pace,debra.pace@datacourse.com,Dr.,0.6,Internal Medicine,11
216242,187710944,Michelle,Mathis,michelle.mathis@datacourse.com,Dr.,1.0,Family Medicine,8
216246,187704808,Kimberly,Hampton,kimberly.hampton@datacourse.com,Dr.,0.26,Psychologist,68
216247,187720616,Nancy,Werner,nancy.werner@datacourse.com,Dr.,0.97,Obstetrics & Gynecology,16
216248,187706004,Nathan,Mendez,nathan.mendez@datacourse.com,Dr.,0.8,Obstetrics & Gynecology,16
216250,187720512,Julie,Wilkerson,julie.wilkerson@datacourse.com,Dr.,0.93,Internal Medicine,11
216255,187716170,Michael,Holloway,michael.holloway@datacourse.com,Dr.,1.0,Pediatrics,37
216258,187702546,Troy,Jenkins,troy.jenkins@datacourse.com,Dr.,1.0,Pediatrics,37
216260,187705718,Laura,Hess,laura.hess@datacourse.com,Dr.,0.46,Obstetrics & Gynecology,16
216261,187702962,Kimberly,Singleton,kimberly.singleton@datacourse.com,Dr.,0.8,Surgery,2
216262,187713388,Jeffrey,Bryan,jeffrey.bryan@datacourse.com,Dr.,1.0,Urology,34
216265,187715884,Lisa,Collins,lisa.collins@datacourse.com,Dr.,0.45,Diagnostic Radiology,30
216266,187706888,Anthony,Patton,anthony.patton@datacourse.com,Dr.,0.5,Internal Medicine,11
216268,187719264,Randall,Burch,randall.burch@datacourse.com,Dr.,0.95,Internal Medicine,11
216269,187717392,Matthew,Farmer,matthew.farmer@datacourse.com,Dr.,1.0,Internal Medicine,11
216274,187715702,Misty,Swanson,misty.swanson@datacourse.com,Dr.,0.9,Internal Medicine,11
216278,187702000,Patricia,Shields,patricia.shields@datacourse.com,Dr.,1.0,Family Medicine,8
216281,187720330,Ryan,Oneal,ryan.oneal@datacourse.com,Dr.,1.0,Hospitalist,C6
216283,187716742,Jordan,Carney,jordan.carney@datacourse.com,Dr.,0.75,Family Medicine,8
216284,187705510,Angela,Meza,angela.meza@datacourse.com,Dr.,0.86,Pediatrics,37
216286,187710476,Christine,Osborn,christine.osborn@datacourse.com,Dr.,0.95,Obstetrics & Gynecology,16
216288,187701454,David,Dawson,david.dawson@datacourse.com,Dr.,1.0,Internal Medicine,11
216289,187721864,Kimberly,Hahn,kimberly.hahn@datacourse.com,Dr.,0.76,Diagnostic Radiology,30
216290,187707954,Kevin,Stevenson,kevin.stevenson@datacourse.com,Dr.,0.7,Pathology,22
216292,187710866,Stephanie,Farley,stephanie.farley@datacourse.com,Dr.,0.8,Family Medicine,8
216295,187714246,Randall,Berry,randall.berry@datacourse.com,Dr.,0.8,Internal Medicine,11
216301,187712504,Sarah,Ward,sarah.ward@datacourse.com,Dr.,0.8,Internal Medicine,11
216306,187718640,Stacey,Duncan,stacey.duncan@datacourse.com,Dr.,1.0,Internal Medicine,11
216308,187715338,Henry,Andrews,henry.andrews@datacourse.com,Dr.,0.75,Pathology,22
216311,187714012,Laurie,Maldonado,laurie.maldonado@datacourse.com,Dr.,0.71,Internal Medicine,11
216312,187710190,Deborah,Good,deborah.good@datacourse.com,Dr.,0.9,Orthopaedic Surgery,20
216317,187717314,Diane,May,diane.may@datacourse.com,Dr.,1.0,Internal Medicine,11
216318,187701402,Eddie,Mcdaniel,eddie.mcdaniel@datacourse.com,Dr.,1.0,Family Medicine,8
216321,187718302,Tracy,Cochran,tracy.cochran@datacourse.com,Dr.,1.0,Pathology,22
216322,187719524,Alexis,Frey,alexis.frey@datacourse.com,Dr.,0.2,Internal Medicine,11
216324,187720252,Leonard,Hammond,leonard.hammond@datacourse.com,Dr.,0.88,Obstetrics & Gynecology,16
216326,187718874,Christopher,Wallace,christopher.wallace@datacourse.com,Dr.,1.0,Internal Medicine,11
216334,187719134,Cameron,Moses,cameron.moses@datacourse.com,Dr.,1.0,Surgery,2
216336,187716638,Kevin,Lozano,kevin.lozano@datacourse.com,Dr.,0.67,Obstetrics & Gynecology,16
216338,187722514,Patricia,Lara,patricia.lara@datacourse.com,Dr.,0.85,Obstetrics & Gynecology,16
216340,187711438,Maria,Heath,maria.heath@datacourse.com,Dr.,0.9,Diagnostic Radiology,30
216345,187711022,Renee,Mcintyre,renee.mcintyre@datacourse.com,Dr.,0.53,Psychiatry & Neurology,86
216347,187700726,Phillip,Arellano,phillip.arellano@datacourse.com,Dr.,0.9,Diagnostic Radiology,30
216349,187701792,George,Hancock,george.hancock@datacourse.com,Dr.,1.0,Family Medicine,8
216350,187712634,Daniel,Hayes,daniel.hayes@datacourse.com,Dr.,1.0,Pediatrics,37
216351,187709384,James,Osborne,james.osborne@datacourse.com,Dr.,0.18,Diagnostic Radiology,30
216352,187717210,Sara,Dudley,sara.dudley@datacourse.com,Dr.,0.92,Internal Medicine,11
216353,187714558,Kimberly,Nunez,kimberly.nunez@datacourse.com,Dr.,0.81,Emergency Medicine,93
216354,187701428,Paul,Grant,paul.grant@datacourse.com,Dr.,0.3,Pediatrics,37
216360,187723710,Zachary,Buckley,zachary.buckley@datacourse.com,Dr.,0.95,Pathology,22
216368,187717496,Ashley,Cortez,ashley.cortez@datacourse.com,Dr.,0.9,Diagnostic Radiology,30
216374,187720902,Shawn,Chan,shawn.chan@datacourse.com,Dr.,1.0,Family Medicine,8
216377,187711074,Michelle,Goodwin,michelle.goodwin@datacourse.com,Dr.,1.0,Emergency Medicine,93
216378,187721760,Christina,Odom,christina.odom@datacourse.com,Dr.,0.65,Pathology,22
216382,187710060,Joseph,Fitzgerald,joseph.fitzgerald@datacourse.com,Dr.,0.7,Diagnostic Radiology,30
216383,187719654,Christopher,Joseph,christopher.joseph@datacourse.com,Dr.,0.95,Internal Medicine,11
216389,187702390,Todd,Schroeder,todd.schroeder@datacourse.com,Dr.,0.25,Internal Medicine,11
216390,187718458,Elizabeth,Contreras,elizabeth.contreras@datacourse.com,Dr.,0.5,Family Medicine,8
216391,187712270,Vanessa,Ford,vanessa.ford@datacourse.com,Dr.,0.56,Internal Medicine,11
216397,187703872,Jessica,Koch,jessica.koch@datacourse.com,Dr.,1.0,Diagnostic Radiology,30
216398,187715650,Kayla,Knapp,kayla.knapp@datacourse.com,Dr.,0.27,Internal Medicine,11
216399,187704080,Manuel,Barnes,manuel.barnes@datacourse.com,Dr.,1.0,Obstetrics & Gynecology,16
216402,187721266,Rebekah,Jackson,rebekah.jackson@datacourse.com,Dr.,1.0,Family Medicine,8
216405,187717782,Kenneth,Mitchell,kenneth.mitchell@datacourse.com,Dr.,0.73,Surgery - Vascular Surgery,77
216407,187707902,Stephanie,Alvarez,stephanie.alvarez@datacourse.com,Dr.,1.0,Family Medicine,8
216408,187706160,Cody,Blevins,cody.blevins@datacourse.com,Dr.,1.0,Family Medicine,8
216412,187717184,Daniel,Hendricks,daniel.hendricks@datacourse.com,Dr.,0.0,Physical Medicine & Rehabilitation,25
216414,187722904,Andrew,Braun,andrew.braun@datacourse.com,Dr.,0.6,Pathology,22
216417,187720304,Dana,Frye,dana.frye@datacourse.com,Dr.,1.0,Orthopaedic Surgery,20
216419,187722228,Marie,Sanders,marie.sanders@datacourse.com,Dr.,1.0,Family Medicine,8
216421,187707122,Matthew,Herring,matthew.herring@datacourse.com,Dr.,0.85,Internal Medicine,11
216427,187723424,Jennifer,Erickson,jennifer.erickson@datacourse.com,Dr.,0.8,Pediatrics,37
216428,187704132,Marvin,Santos,marvin.santos@datacourse.com,Dr.,0.85,Diagnostic Radiology,30
216432,187718068,James,Galvan,james.galvan@datacourse.com,Dr.,0.05,Pathology,22
216435,187720486,Bobby,Atkins,bobby.atkins@datacourse.com,Dr.,0.65,Diagnostic Radiology,30
216436,187723762,Robert,Stein,robert.stein@datacourse.com,Dr.,1.0,Obstetrics & Gynecology,16
216438,187700908,Yvette,Hinton,yvette.hinton@datacourse.com,Dr.,0.3,Psychologist,68
216441,187719628,Russell,Marquez,russell.marquez@datacourse.com,Dr.,0.8,Emergency Medicine,93
216445,187719836,Donald,Burton,donald.burton@datacourse.com,Dr.,0.75,Pediatrics,37
216446,187711906,Cynthia,Rojas,cynthia.rojas@datacourse.com,Dr.,0.95,Nuclear Medicine,36
216451,187706446,Brian,Duffy,brian.duffy@datacourse.com,Dr.,0.86,Emergency Medicine,93
216452,187722202,Daniel,Hood,daniel.hood@datacourse.com,Dr.,1.0,Nuclear Medicine,36
216453,187712452,Carrie,Davidson,carrie.davidson@datacourse.com,Dr.,0.45,Family Medicine,8
216454,187714064,Darren,Austin,darren.austin@datacourse.com,Dr.,0.15,Internal Medicine,11
216455,187703196,Donald,Garrison,donald.garrison@datacourse.com,Dr.,0.68,Internal Medicine,11
216456,187709644,Philip,Morrison,philip.morrison@datacourse.com,Dr.,0.95,Diagnostic Radiology,30
216457,187702520,Katherine,Hatfield,katherine.hatfield@datacourse.com,Dr.,0.89,Pediatrics,37
216458,187713700,Matthew,Dalton,matthew.dalton@datacourse.com,Dr.,1.0,Family Medicine,8
216466,187711880,Sandra,Greer,sandra.greer@datacourse.com,Dr.,0.7,Diagnostic Radiology,30
216467,187711282,Steven,Mendoza,steven.mendoza@datacourse.com,Dr.,0.62,Family Medicine,8
216469,187707460,Matthew,Blair,matthew.blair@datacourse.com,Dr.,0.55,Pathology,22
216471,187712114,Allison,Salinas,allison.salinas@datacourse.com,Dr.,1.0,Pediatrics,37
216475,187700648,Amanda,Kirk,amanda.kirk@datacourse.com,Dr.,0.7,Pathology,22
216483,187709280,Jeffery,Chapman,jeffery.chapman@datacourse.com,Dr.,0.2,Diagnostic Radiology,30
216487,187700232,Katie,Rogers,katie.rogers@datacourse.com,Dr.,1.0,Diagnostic Radiology,30
216489,187722410,Sheri,Davila,sheri.davila@datacourse.com,Dr.,1.0,Internal Medicine,11
216492,187717080,Virginia,Stephenson,virginia.stephenson@datacourse.com,Dr.,1.0,Internal Medicine,11
216494,187704184,Brittany,Little,brittany.little@datacourse.com,Dr.,1.0,Diagnostic Radiology,30
216509,187704470,Margaret,Khan,margaret.khan@datacourse.com,Dr.,1.0,Family Medicine,8
216512,187715780,Patrick,Riley,patrick.riley@datacourse.com,Dr.,1.0,Emergency Medicine,93
216516,187723502,Kathy,Brady,kathy.brady@datacourse.com,Dr.,1.0,Obstetrics & Gynecology,16
216519,187709826,David,Chavez,david.chavez@datacourse.com,Dr.,0.95,Diagnostic Radiology,30
216520,187710216,Samantha,Mcpherson,samantha.mcpherson@datacourse.com,Dr.,1.0,Pediatrics,37
216525,187722020,Tommy,Hunt,tommy.hunt@datacourse.com,Dr.,0.63,Internal Medicine,11
216526,187705926,Sara,Baird,sara.baird@datacourse.com,Dr.,0.49,Psychologist,68
216528,187712764,Philip,Dunn,philip.dunn@datacourse.com,Dr.,0.06,Psychiatry & Neurology,86
216532,187707928,Charles,Holmes,charles.holmes@datacourse.com,Dr.,1.0,Pediatrics,37
216537,187722592,Marc,Sanford,marc.sanford@datacourse.com,Dr.,1.0,Internal Medicine,11
216541,187712972,Joseph,Graves,joseph.graves@datacourse.com,Dr.,0.44,Orthopaedic Surgery,20
216545,187716482,Daniel,Bates,daniel.bates@datacourse.com,Dr.,0.9,Family Medicine,8
216546,187723684,Brian,Ayers,brian.ayers@datacourse.com,Dr.,0.6,Diagnostic Radiology,30
216549,187724204,David,Conway,david.conway@datacourse.com,Dr.,0.76,Diagnostic Radiology,30
216550,187710346,Sheila,Rollins,sheila.rollins@datacourse.com,Dr.,0.7,Pediatrics,37
216551,187717834,James,Holt,james.holt@datacourse.com,Dr.,0.9,Pediatrics,37
216552,187702598,Jennifer,Moss,jennifer.moss@datacourse.com,Dr.,0.4,Internal Medicine,11
216553,187711698,Devin,Oconnell,devin.oconnell@datacourse.com,Dr.,1.0,Internal Medicine,11
216555,187714090,Matthew,Park,matthew.park@datacourse.com,Dr.,1.0,Family Medicine,8
216556,187721604,Kristin,Gamble,kristin.gamble@datacourse.com,Dr.,0.3,Internal Medicine,11
216558,187709878,Heather,Chen,heather.chen@datacourse.com,Dr.,0.9,Obstetrics & Gynecology,16
216560,187719940,Jessica,Cohen,jessica.cohen@datacourse.com,Dr.,1.0,Pediatrics,37
216562,187701220,Stephanie,Baldwin,stephanie.baldwin@datacourse.com,Dr.,0.55,Internal Medicine,11
216564,187715130,Mark,Ashley,mark.ashley@datacourse.com,Dr.,0.95,Pathology,22
216565,187709774,Theresa,Tucker,theresa.tucker@datacourse.com,Dr.,0.5,Internal Medicine,11
216571,187711464,Amanda,Hull,amanda.hull@datacourse.com,Dr.,1.0,Surgery - Surgical Oncology,91
216576,187708292,Andrew,Carey,andrew.carey@datacourse.com,Dr.,0.33,Orthopaedic Surgery,20
216577,187705484,Haley,Nielsen,haley.nielsen@datacourse.com,Dr.,0.69,Obstetrics & Gynecology,16
216580,187705978,Joshua,Weeks,joshua.weeks@datacourse.com,Dr.,0.92,Obstetrics & Gynecology,16
216582,187702832,Stacy,Wheeler,stacy.wheeler@datacourse.com,Dr.,0.9,Orthopaedic Surgery,20
216584,187718718,Karen,Dominguez,karen.dominguez@datacourse.com,Dr.,0.4,Internal Medicine,11
216585,187720850,Jessica,Gregory,jessica.gregory@datacourse.com,Dr.,0.95,Internal Medicine,11
216586,187708838,Luke,Francis,luke.francis@datacourse.com,Dr.,1.0,Ophthalmology,18
216587,187718900,Michael,Cooley,michael.cooley@datacourse.com,Dr.,1.0,Internal Medicine,11
216589,187700544,Amy,Schmitt,amy.schmitt@datacourse.com,Dr.,1.0,Family Medicine,8
216590,187704054,Sonya,Banks,sonya.banks@datacourse.com,Dr.,1.0,Emergency Medicine,93
216592,187722852,Joseph,Kemp,joseph.kemp@datacourse.com,Dr.,0.47,Diagnostic Radiology,30
216593,187709592,Cathy,Merritt,cathy.merritt@datacourse.com,Dr.,0.97,Internal Medicine,11
216595,187719212,Valerie,Hardy,valerie.hardy@datacourse.com,Dr.,0.3,Internal Medicine,11
216597,187702286,Katie,Grimes,katie.grimes@datacourse.com,Dr.,1.0,Emergency Medicine,93
216599,187716508,Patrick,Todd,patrick.todd@datacourse.com,Dr.,1.0,Family Medicine,8
216602,187721344,Wendy,Daniel,wendy.daniel@datacourse.com,Dr.,0.47,Pediatrics,37
216604,187714818,Benjamin,Logan,benjamin.logan@datacourse.com,Dr.,0.57,Family Medicine,8
216605,187703560,Kim,Pena,kim.pena@datacourse.com,Dr.,0.96,Family Medicine,8
216612,187700336,Emily,Murray,emily.murray@datacourse.com,Dr.,0.95,Diagnostic Radiology,30
216613,187712374,Alexandra,Hensley,alexandra.hensley@datacourse.com,Dr.,0.5,Family Medicine,8
216619,187710840,Kaitlyn,Colon,kaitlyn.colon@datacourse.com,Dr.,0.77,Internal Medicine,11
216625,187721578,Stephen,Haynes,stephen.haynes@datacourse.com,Dr.,1.0,Emergency Medicine,93
216626,187718276,Holly,Harper,holly.harper@datacourse.com,Dr.,1.0,Internal Medicine,11
216627,187708942,Heidi,Castro,heidi.castro@datacourse.com,Dr.,0.8,Surgery,2
216628,187707304,Mary,Evans,mary.evans@datacourse.com,Dr.,0.85,Internal Medicine,11
216629,187723346,Jennifer,Ingram,jennifer.ingram@datacourse.com,Dr.,0.9,Internal Medicine,11
216631,187718510,Nicholas,Macias,nicholas.macias@datacourse.com,Dr.,1.0,Emergency Medicine,93
216639,187721682,Stephen,Rowe,stephen.rowe@datacourse.com,Dr.,0.13,Family Medicine,8
216641,187701272,Sarah,Stafford,sarah.stafford@datacourse.com,Dr.,0.2,Pathology,22
216643,187705796,Antonio,Dillon,antonio.dillon@datacourse.com,Dr.,0.4,Psychologist,68
216644,187714532,Matthew,Lucas,matthew.lucas@datacourse.com,Dr.,0.55,Surgery - Vascular Surgery,77
216650,187723268,Chase,Freeman,chase.freeman@datacourse.com,Dr.,1.0,Internal Medicine,11
216651,187719316,Todd,Huffman,todd.huffman@datacourse.com,Dr.,0.26,Ophthalmology,18
216654,187718406,Tammy,Doyle,tammy.doyle@datacourse.com,Dr.,0.18,Psychologist,68
216656,187715494,Julie,Floyd,julie.floyd@datacourse.com,Dr.,0.93,Internal Medicine,11
216659,187716118,Emma,Barron,emma.barron@datacourse.com,Dr.,1.0,Internal Medicine,11
216660,187714038,Kaitlin,Tran,kaitlin.tran@datacourse.com,Dr.,0.5,Internal Medicine,11
216661,187700180,Alyssa,Mckinney,alyssa.mckinney@datacourse.com,Dr.,0.95,Diagnostic Radiology,30
216665,187720044,Jeremy,Weaver,jeremy.weaver@datacourse.com,Dr.,0.75,Internal Medicine,11
216667,187718744,Justin,Jennings,justin.jennings@datacourse.com,Dr.,0.8,Transplant Surgery,C9
216668,187705380,Chad,Haney,chad.haney@datacourse.com,Dr.,0.83,Internal Medicine,11
216672,187722956,Kelly,Terrell,kelly.terrell@datacourse.com,Dr.,0.85,Surgery,2
216674,187702468,Donna,Hartman,donna.hartman@datacourse.com,Dr.,0.65,Obstetrics & Gynecology,16
216675,187713050,Christopher,Boyd,christopher.boyd@datacourse.com,Dr.,0.8,Internal Medicine,11
216678,187703742,Danielle,Medina,danielle.medina@datacourse.com,Dr.,0.27,Obstetrics & Gynecology,16
216680,187723008,Karen,Taylor,karen.taylor@datacourse.com,Dr.,1.0,Internal Medicine,11
216681,187719576,Andre,Mcgee,andre.mcgee@datacourse.com,Dr.,0.15,Internal Medicine,11
216682,187710502,Benjamin,Brooks,benjamin.brooks@datacourse.com,Dr.,1.0,Internal Medicine,11
216684,187701168,Michael,Hoffman,michael.hoffman@datacourse.com,Dr.,0.17,Psychologist,68
216686,187712478,Alexander,Livingston,alexander.livingston@datacourse.com,Dr.,1.0,Thoracic Surgery (Cardiothoracic Vascular Surgery),33
216688,187714350,Heather,Lawrence,heather.lawrence@datacourse.com,Dr.,0.6,Family Medicine,8
216690,187722826,Julie,Mccullough,julie.mccullough@datacourse.com,Dr.,1.0,Emergency Medicine,93
216691,187710814,Tiffany,Garrett,tiffany.garrett@datacourse.com,Dr.,1.0,Plastic Surgery,24
216697,187710710,Jessica,Gallagher,jessica.gallagher@datacourse.com,Dr.,0.57,Diagnostic Radiology,30
216699,187704704,Justin,Moody,justin.moody@datacourse.com,Dr.,1.0,Surgery - Surgical Critical Care,28
216702,187722488,John,Morgan,john.morgan@datacourse.com,Dr.,0.9,Diagnostic Radiology,30
216707,187704210,Dana,Casey,dana.casey@datacourse.com,Dr.,0.67,Internal Medicine,11
216708,187714142,Kelly,Aguirre,kelly.aguirre@datacourse.com,Dr.,0.76,Diagnostic Radiology,30
216710,187714376,Melissa,Ramsey,melissa.ramsey@datacourse.com,Dr.,0.93,Psychiatry & Neurology,86
216713,187702754,Valerie,Schaefer,valerie.schaefer@datacourse.com,Dr.,1.0,Internal Medicine,11
216716,187723970,Lauren,Hamilton,lauren.hamilton@datacourse.com,Dr.,0.55,Obstetrics & Gynecology,16
216725,187713414,Angela,Downs,angela.downs@datacourse.com,Dr.,0.15,Internal Medicine,11
216727,187713466,Natalie,Friedman,natalie.friedman@datacourse.com,Dr.,0.97,Obstetrics & Gynecology,16
216731,187716456,Bryan,Nolan,bryan.nolan@datacourse.com,Dr.,0.95,Diagnostic Radiology,30
216732,187711984,Briana,Manning,briana.manning@datacourse.com,Dr.,1.0,Internal Medicine,11
216733,187716820,Julie,Porter,julie.porter@datacourse.com,Dr.,0.65,Internal Medicine,11
216734,187708864,Ashley,Aguilar,ashley.aguilar@datacourse.com,Dr.,0.75,Diagnostic Radiology,30
216735,187703690,Tamara,Gill,tamara.gill@datacourse.com,Dr.,0.71,Diagnostic Radiology,30
216736,187706342,William,Stokes,william.stokes@datacourse.com,Dr.,1.0,Obstetrics & Gynecology,16
216738,187713804,Melissa,Hurley,melissa.hurley@datacourse.com,Dr.,1.0,Internal Medicine,11
216742,187720720,Douglas,Jones,douglas.jones@datacourse.com,Dr.,0.48,Obstetrics & Gynecology,16
216744,187722150,Gerald,Cummings,gerald.cummings@datacourse.com,Dr.,0.8,Pediatrics,37
216747,187723528,Martha,Molina,martha.molina@datacourse.com,Dr.,0.92,Family Medicine,8
216748,187706784,Edward,Hurst,edward.hurst@datacourse.com,Dr.,0.82,Internal Medicine,11
216752,187704964,Robert,Whitehead,robert.whitehead@datacourse.com,Dr.,0.91,Internal Medicine,11
216758,187710580,Jeffrey,Perez,jeffrey.perez@datacourse.com,Dr.,0.97,Obstetrics & Gynecology,16
216760,187704600,Philip,Paul,philip.paul@datacourse.com,Dr.,0.85,Internal Medicine,11
216761,187710372,Catherine,Frazier,catherine.frazier@datacourse.com,Dr.,1.0,Diagnostic Radiology,30
216762,187702338,Tina,Short,tina.short@datacourse.com,Dr.,1.0,Internal Medicine,11
216764,187705354,Lori,Hogan,lori.hogan@datacourse.com,Dr.,0.5,Family Medicine,8
216767,187710788,Andrew,Escobar,andrew.escobar@datacourse.com,Dr.,0.9,Internal Medicine,11
216768,187723632,Donald,Everett,donald.everett@datacourse.com,Dr.,0.95,Diagnostic Radiology,30
216769,187719186,Jennifer,Mccarthy,jennifer.mccarthy@datacourse.com,Dr.,0.9,Internal Medicine,11
216773,187706472,Christopher,Mcbride,christopher.mcbride@datacourse.com,Dr.,0.8,Physical Medicine & Rehabilitation,25
216780,187717730,Nicholas,Ramirez,nicholas.ramirez@datacourse.com,Dr.,1.0,Internal Medicine,11
216782,187701870,Patrick,Glover,patrick.glover@datacourse.com,Dr.,0.26,Internal Medicine,11
216785,187714610,Lauren,Patrick,lauren.patrick@datacourse.com,Dr.,1.0,Thoracic Surgery (Cardiothoracic Vascular Surgery),33
216787,187711360,Bryan,Schultz,bryan.schultz@datacourse.com,Dr.,0.78,Internal Medicine,11
216791,187717522,Carrie,Calderon,carrie.calderon@datacourse.com,Dr.,1.0,Obstetrics & Gynecology,16
216798,187707616,Cynthia,Barajas,cynthia.barajas@datacourse.com,Dr.,1.0,Pediatrics,37
216799,187723320,Jason,Galloway,jason.galloway@datacourse.com,Dr.,0.95,Diagnostic Radiology,30
216800,187720070,Lydia,Reynolds,lydia.reynolds@datacourse.com,Dr.,0.63,Surgery - Vascular Surgery,77
216805,187709072,Lisa,Maxwell,lisa.maxwell@datacourse.com,Dr.,0.6,Surgery,2
216806,187717678,Krystal,Avila,krystal.avila@datacourse.com,Dr.,0.16,Orthopaedic Surgery,20
216813,187711230,Carolyn,Ray,carolyn.ray@datacourse.com,Dr.,1.0,Family Medicine,8
216814,187704834,Paul,Zamora,paul.zamora@datacourse.com,Dr.,0.3,Surgery - Vascular Surgery,77
216816,187704002,Tonya,Shannon,tonya.shannon@datacourse.com,Dr.,0.85,Surgery,2
216819,187721058,Natalie,Howard,natalie.howard@datacourse.com,Dr.,0.85,Pathology,22
216820,187702442,Dana,Beasley,dana.beasley@datacourse.com,Dr.,1.0,Internal Medicine,11
216823,187722696,Glenn,Cantrell,glenn.cantrell@datacourse.com,Dr.,0.4,Pathology,22
216824,187703352,Stacy,Moore,stacy.moore@datacourse.com,Dr.,0.68,Emergency Medicine,93
216826,187706654,Gerald,Hughes,gerald.hughes@datacourse.com,Dr.,0.7,Internal Medicine,11
216827,187701142,Victor,Wolfe,victor.wolfe@datacourse.com,Dr.,0.38,Orthopaedic Surgery,20
216828,187716274,Kathryn,Nicholson,kathryn.nicholson@datacourse.com,Dr.,1.0,Thoracic Surgery (Cardiothoracic Vascular Surgery),33
216829,187719004,Alicia,Parsons,alicia.parsons@datacourse.com,Dr.,0.5,Diagnostic Radiology,30
216832,187723086,Samantha,Murphy,samantha.murphy@datacourse.com,Dr.,0.95,Diagnostic Radiology,30
216834,187716976,Cynthia,Whitney,cynthia.whitney@datacourse.com,Dr.,1.0,Neurological Surgery,14
216836,187703950,Grace,Kramer,grace.kramer@datacourse.com,Dr.,0.6,Pediatrics,37
216840,187708344,Michael,Jarvis,michael.jarvis@datacourse.com,Dr.,1.0,Physical Medicine & Rehabilitation,25
216842,187717262,Marissa,Mueller,marissa.mueller@datacourse.com,Dr.,0.6,Pediatrics,37
216844,187721448,Katherine,Watkins,katherine.watkins@datacourse.com,Dr.,1.0,Family Medicine,8
216850,187713102,Tyler,Pearson,tyler.pearson@datacourse.com,Dr.,1.0,Internal Medicine,11
216854,187702364,Alexander,Rivers,alexander.rivers@datacourse.com,Dr.,1.0,Diagnostic Radiology,30
216856,187714454,Jeffrey,Burnett,jeffrey.burnett@datacourse.com,Dr.,0.6,Emergency Medicine,93
216858,187701480,Dawn,Wolf,dawn.wolf@datacourse.com,Dr.,0.4,Internal Medicine,11
216862,187700622,Stephanie,Mejia,stephanie.mejia@datacourse.com,Dr.,1.0,Internal Medicine,11
216863,187719394,Kent,Carson,kent.carson@datacourse.com,Dr.,1.0,Surgery,2
216864,187705224,Jessica,Shah,jessica.shah@datacourse.com,Dr.,0.2,Surgery,2
216867,187711386,Kimberly,Mcgrath,kimberly.mcgrath@datacourse.com,Dr.,0.95,Emergency Medicine,93
216869,187720434,Christopher,Suarez,christopher.suarez@datacourse.com,Dr.,0.9,Obstetrics & Gynecology,16
216871,187705952,Cindy,Eaton,cindy.eaton@datacourse.com,Dr.,0.88,Pediatrics,37
216872,187707850,Michael,Mack,michael.mack@datacourse.com,Dr.,1.0,Internal Medicine,11
216873,187708214,Teresa,Burke,teresa.burke@datacourse.com,Dr.,0.9,Surgery,2
216874,187705614,Becky,Robles,becky.robles@datacourse.com,Dr.,0.92,Internal Medicine,11
216875,187709982,Carl,Bowers,carl.bowers@datacourse.com,Dr.,0.6,Internal Medicine,11
216877,187724048,Michael,Bennett,michael.bennett@datacourse.com,Dr.,0.95,Internal Medicine,11
216880,187708656,Barbara,Simon,barbara.simon@datacourse.com,Dr.,1.0,Family Medicine,8
216883,187713128,Stacie,Keller,stacie.keller@datacourse.com,Dr.,0.8,Pathology,22
216886,187703222,Mia,Pham,mia.pham@datacourse.com,Dr.,1.0,Pediatrics,37
216887,187721942,Kimberly,Wu,kimberly.wu@datacourse.com,Dr.,0.4,Pediatrics,37
216888,187708604,Patrick,Hudson,patrick.hudson@datacourse.com,Dr.,0.6,Family Medicine,8
216889,187700388,Jessica,Huff,jessica.huff@datacourse.com,Dr.,0.4,Thoracic Surgery (Cardiothoracic Vascular Surgery),33
216893,187703664,Christopher,Pugh,christopher.pugh@datacourse.com,Dr.,0.6,Pathology,22
216894,187704938,Christopher,Mcmahon,christopher.mcmahon@datacourse.com,Dr.,0.8,Family Medicine,8
216896,187710034,Michael,Waller,michael.waller@datacourse.com,Dr.,0.6,Internal Medicine,11
216897,187701064,James,Branch,james.branch@datacourse.com,Dr.,0.7,Internal Medicine,11
216898,187706316,Rachel,Bishop,rachel.bishop@datacourse.com,Dr.,0.7,Family Medicine,8
216900,187703300,Katherine,Price,katherine.price@datacourse.com,Dr.,0.94,Internal Medicine,11
216902,187712088,Kenneth,Mclaughlin,kenneth.mclaughlin@datacourse.com,Dr.,1.0,Internal Medicine,11
216903,187709436,Steven,Duarte,steven.duarte@datacourse.com,Dr.,0.8,Family Medicine,8
216904,187722046,Felicia,Moran,felicia.moran@datacourse.com,Dr.,0.75,Diagnostic Radiology,30
216907,187716352,Christina,Allison,christina.allison@datacourse.com,Dr.,0.95,Pathology,22
216908,187714168,Christopher,Chandler,christopher.chandler@datacourse.com,Dr.,1.0,Internal Medicine,11
216909,187710658,Gordon,Chang,gordon.chang@datacourse.com,Dr.,1.0,Nuclear Medicine,36
216911,187724256,Mikayla,Wall,mikayla.wall@datacourse.com,Dr.,0.8,Family Medicine,8
216913,187718042,Carl,Valentine,carl.valentine@datacourse.com,Dr.,0.75,Family Medicine,8
216915,187722670,Jeffrey,Patterson,jeffrey.patterson@datacourse.com,Dr.,0.78,Internal Medicine,11
216916,187724230,Andrew,Larsen,andrew.larsen@datacourse.com,Dr.,1.0,Family Medicine,8
216918,187711308,Benjamin,Robertson,benjamin.robertson@datacourse.com,Dr.,0.6,Family Medicine,8
216919,187704314,Matthew,Bradford,matthew.bradford@datacourse.com,Dr.,0.53,Family Medicine,8
216922,187702988,Margaret,Ball,margaret.ball@datacourse.com,Dr.,0.9,Obstetrics & Gynecology,16
216923,187723892,Shannon,Ewing,shannon.ewing@datacourse.com,Dr.,0.95,Diagnostic Radiology,30
216924,187709150,Ryan,Robbins,ryan.robbins@datacourse.com,Dr.,1.0,Internal Medicine,11
216926,187707720,Paula,Washington,paula.washington@datacourse.com,Dr.,0.97,Obstetrics & Gynecology,16
216928,187708266,Linda,Roberts,linda.roberts@datacourse.com,Dr.,0.6,Pediatrics,37
216930,187705640,Robert,Shea,robert.shea@datacourse.com,Dr.,0.85,Diagnostic Radiology,30
216934,187714506,Anna,Owen,anna.owen@datacourse.com,Dr.,0.8,Diagnostic Radiology,30
216935,187705276,Sarah,Walker,sarah.walker@datacourse.com,Dr.,0.76,Diagnostic Radiology,30
216937,187720798,David,Love,david.love@datacourse.com,Dr.,0.92,Internal Medicine,11
216943,187701766,David,Huerta,david.huerta@datacourse.com,Dr.,1.0,Family Medicine,8
216945,187707980,Jennifer,Barton,jennifer.barton@datacourse.com,Dr.,1.0,Family Medicine,8
216950,187714766,Raymond,Abbott,raymond.abbott@datacourse.com,Dr.,0.9,Pediatrics,37
216998,187703014,Lorraine,Bender,lorraine.bender@datacourse.com,Dr.,0.17,Internal Medicine,11
217022,187708162,Chris,Kim,chris.kim@datacourse.com,Dr.,0.44,Psychologist,68
217038,187712348,Kelly,White,kelly.white@datacourse.com,Dr.,0.49,Psychologist,68
217072,187717626,Nicholas,Frederick,nicholas.frederick@datacourse.com,Dr.,0.2,Physical Medicine & Rehabilitation,25
217089,187718692,Alvin,Jimenez,alvin.jimenez@datacourse.com,Dr.,0.4,Obstetrics & Gynecology,16
217113,187717366,Lisa,Carrillo,lisa.carrillo@datacourse.com,Dr.,0.35,Pediatrics,37
217122,187700674,Vanessa,Choi,vanessa.choi@datacourse.com,Dr.,0.7,Obstetrics & Gynecology,16
217130,187711568,Kelly,Carter,kelly.carter@datacourse.com,Dr.,0.06,Obstetrics & Gynecology,16
217142,187719810,Patricia,Sawyer,patricia.sawyer@datacourse.com,Dr.,0.4,Diagnostic Radiology,30
217237,187716950,Colin,Leach,colin.leach@datacourse.com,Dr.,0.18,Internal Medicine,11
217390,187707096,Shawn,Tapia,shawn.tapia@datacourse.com,Dr.,0.26,Pediatrics,37
217472,187715156,Gregory,Patel,gregory.patel@datacourse.com,Dr.,0.34,Urology,34
218243,187709852,Carol,Pitts,carol.pitts@datacourse.com,Dr.,1.0,Internal Medicine,11
218365,187716872,Bill,Spencer,bill.spencer@datacourse.com,Dr.,0.21,Family Medicine,8
